,tad,lambdan,p-value,n,max.lambdan
1,chr10:9370000-10880000,-0.355896418,0.721918139,16,1.862464057
2,chr10:21560000-23380000,1.816939213,0.069226422,19,2.716893272
3,chr10:73800000-74970000,-0.724136254,0.46898209,12,2.395082962
4,chr10:132020000-133370000,-0.367226338,0.713450194,14,1.6635939
5,chr10:64190000-65540000,0.169689487,0.865254342,15,2.124137287
6,chr10:13390000-15200000,-0.52704628,0.59816145,19,2.398218394
7,chr10:23420000-24850000,-0.337275017,0.735909591,15,1.808810347
8,chr10:77030000-78870000,0.035383488,0.971773951,19,2.147373441
9,chr10:133960000-135470000,-0.28561463,0.775173297,16,2.21719422
10,chr10:57590000-58680000,0.13015373,0.896444801,12,2.109017508
11,chr10:73660000-74980000,-0.572146519,0.567222716,14,2.175540949
12,chr10:120780000-121670000,-0.297570456,0.766031026,10,1.735719126
13,chr10:44140000-45380000,-0.409662805,0.682053318,13,1.705984038
14,chr10:78890000-79780000,-0.680032797,0.496483694,10,2.254185835
15,chr10:26590000-27650000,0.185833408,0.852575405,12,2.028184117
16,chr10:12220000-13140000,-0.371791971,0.710047742,10,1.841828853
17,chr10:1230000-3080000,0.882011258,0.377770719,19,2.458103309
18,chr10:20050000-21060000,-0.20116067,0.840572944,11,1.83712993
19,chr10:27680000-28700000,-0.503179288,0.614838226,11,1.538316532
20,chr10:109070000-110300000,-0.57436229,0.565722666,13,1.797476844
21,chr10:3210000-4750000,0.078728893,0.937248264,16,2.120342415
22,chr10:6460000-7830000,0.000528127,0.999578616,15,1.977991951
23,chr10:22270000-23380000,-0.178881104,0.858031061,12,1.880201425
24,chr10:98120000-99040000,-0.139935587,0.888710884,10,1.847233828
25,chr10:98120000-99140000,-0.062675432,0.950024962,11,1.935856366
26,chr10:7880000-9340000,-0.189225667,0.849915951,16,1.895700193
27,chr10:72170000-73580000,-0.583851645,0.559320128,15,2.227531382
28,chr10:35910000-37160000,-0.532857692,0.594132094,13,1.798731426
29,chr10:91530000-92470000,-0.35295303,0.724123654,10,1.667766736
30,chr10:130820000-131970000,0.183428775,0.8544616,12,2.090310408
31,chr10:62560000-63470000,-0.296091493,0.76716021,10,1.760320631
32,chr10:76000000-76990000,-0.482484808,0.629461588,10,1.965235446
33,chr10:114230000-115340000,-0.345062157,0.730047642,12,1.59306722
34,chr10:6770000-7830000,0.008557575,0.993172126,12,2.011880733
35,chr10:30970000-32100000,0.181470266,0.85599847,12,2.15872894
36,chr10:15910000-16850000,-0.076206781,0.939254588,10,1.737427059
37,chr10:109140000-110020000,-0.530634249,0.595672258,10,1.811277874
38,chr10:87280000-88130000,-0.241390821,0.809252226,10,1.800113409
39,chr10:79800000-80990000,-0.383795949,0.701129691,12,1.769795055
40,chr11:48180000-50770000,-0.054195688,0.956779256,27,2.009150799
41,chr11:48190000-49610000,-0.081702292,0.934883455,16,1.766129105
42,chr11:46720000-47730000,-0.591968476,0.553871698,11,1.90982928
43,chr11:114560000-116580000,0.039567443,0.968437984,21,1.981218124
44,chr11:35560000-36540000,-0.335029028,0.737603189,11,1.727505029
45,chr11:114990000-116570000,-0.033973715,0.972898111,17,1.959401845
46,chr11:129710000-130800000,-0.043684748,0.965155697,11,1.841311073
47,chr11:126290000-127660000,-0.117655458,0.906340661,15,1.738311414
48,chr11:110320000-111370000,-0.253906964,0.799567435,11,1.689181747
49,chr11:34530000-35460000,-0.278249834,0.780820583,10,1.744959574
50,chr11:120200000-121480000,-0.439097756,0.660590705,13,2.015523065
51,chr11:15290000-16720000,-0.278923836,0.780303276,16,1.899260398
52,chr11:105930000-107120000,-0.454987483,0.649118244,13,1.715430821
53,chr11:26300000-27520000,-0.299734535,0.764379654,13,1.71417627
54,chr11:19040000-20390000,-0.262020091,0.793305953,14,1.81636908
55,chr11:55670000-56570000,-0.348731562,0.727290847,10,1.540333255
56,chr11:20670000-22160000,-0.041248038,0.967098157,16,1.94041594
57,chr11:59500000-60520000,0.027157242,0.978334319,11,2.096712413
58,chr11:6800000-7820000,-0.473360611,0.635955927,11,1.749069109
59,chr11:10890000-12310000,-0.504064161,0.61421629,16,1.899446567
60,chr11:126190000-127410000,-0.157959901,0.874488396,14,1.820993591
61,chr11:44090000-45810000,0.368611936,0.712416998,19,2.319847541
62,chr11:31360000-32240000,-0.356431091,0.721517749,10,1.988417991
63,chr11:10800000-12010000,-0.256496053,0.797567828,13,1.768980461
64,chr11:15650000-16710000,-0.634634866,0.525666583,12,2.014740144
65,chr11:41520000-42530000,0.229212063,0.818704098,11,2.104190734
66,chr11:75110000-76220000,0.137993764,0.890245346,12,2.097466761
67,chr11:10930000-11810000,-0.062554474,0.950121283,10,1.842336504
68,chr11:9780000-10760000,0.032727031,0.973892268,11,1.949841389
69,chr11:75110000-76420000,0.439475103,0.660317318,14,2.280526959
70,chr11:131570000-132840000,-0.407537919,0.68361295,14,1.78744046
71,chr11:115190000-116140000,-0.088652657,0.929357959,11,1.930935055
72,chr11:112160000-113150000,-0.2500975,0.802511949,11,1.904013723
73,chr11:121520000-122420000,-0.36607334,0.714310351,10,1.762227784
74,chr11:93560000-94660000,0.093488709,0.92551532,12,2.028413742
75,chr11:19060000-19940000,-0.435772987,0.663001445,10,1.789439542
76,chr12:60280000-62590000,-0.633501162,0.526406422,24,1.938275394
77,chr12:86420000-88390000,-0.378273965,0.705227084,20,1.667648347
78,chr12:60940000-62200000,-0.440223059,0.65977556,13,1.677078207
79,chr12:60920000-62420000,-0.523022431,0.600958644,16,1.799975623
80,chr12:33180000-34140000,-0.289831518,0.771945134,11,1.581732295
81,chr12:104230000-105570000,-0.438144717,0.66128138,14,1.986879572
82,chr12:97180000-98850000,0.502718941,0.615161891,18,2.251345413
83,chr12:65160000-66520000,-0.059272645,0.952734949,15,2.037793491
84,chr12:58620000-59590000,0.01750372,0.986034765,10,1.889275487
85,chr12:11680000-12900000,-0.297656722,0.765965178,13,1.795626274
86,chr12:29600000-30980000,-0.319308196,0.749492818,14,2.219435305
87,chr12:38710000-39670000,0.089487101,0.928694804,10,1.974009803
88,chr12:128970000-130490000,-0.595665728,0.551398558,16,1.994633773
89,chr12:13010000-14230000,-0.036083857,0.971215494,13,1.997485795
90,chr12:96960000-98850000,0.620207644,0.535121089,20,2.297988952
91,chr12:54970000-56040000,-0.38087505,0.703295967,12,1.707746313
92,chr12:27880000-29130000,0.445449908,0.655994652,14,2.251345672
93,chr12:23320000-24980000,-0.637859015,0.523565459,17,2.134823257
94,chr12:78670000-79770000,-0.327251221,0.743477883,12,1.688825024
95,chr12:31440000-32500000,-0.324544695,0.74552569,11,1.979248635
96,chr12:91740000-93090000,-0.01601134,0.987225345,14,1.867260931
97,chr12:51800000-53390000,-0.562695904,0.573641974,16,1.701134775
98,chr12:58360000-59590000,-0.014751259,0.988230625,13,1.818640155
99,chr12:97370000-98810000,0.312979688,0.754296094,16,2.159620066
100,chr12:75870000-76970000,-0.43882077,0.660791409,12,2.11421131
101,chr12:131300000-132400000,-0.266686473,0.78971057,11,1.658917097
102,chr12:78520000-79770000,-0.012713091,0.989856694,13,1.939535803
103,chr12:18280000-19390000,-0.242751683,0.808197767,12,1.99149171
104,chr12:46380000-47410000,-0.214191064,0.830398064,12,1.843638039
105,chr12:118840000-120080000,-0.366081225,0.714304467,13,1.841008152
106,chr12:110330000-111280000,0.382309848,0.702231551,10,2.119690108
107,chr12:124260000-125390000,-0.412664955,0.679852104,12,1.735437423
108,chr12:44330000-45350000,-0.437705492,0.661599788,11,1.570831234
109,chr12:77420000-78350000,-0.179145525,0.857823437,10,1.859605183
110,chr12:92160000-93080000,-0.282141785,0.777834794,10,1.610135466
111,chr12:88450000-89390000,-0.322393009,0.747154979,10,1.819073306
112,chr12:94510000-95410000,-0.163141213,0.870407251,10,1.851025088
113,chr12:102290000-103200000,-0.388042583,0.697984521,10,1.871188491
114,chr12:115080000-116310000,-0.08124699,0.93524553,14,2.202998327
115,chr12:120730000-121690000,-0.525154968,0.599475467,10,1.8779228
116,chr13:112100000-113110000,-0.471953443,0.63696002,10,1.602093265
117,chr13:53740000-58030000,-0.013698589,0.989070449,44,1.993174082
118,chr13:92780000-95060000,-0.233277605,0.815545848,24,1.964841399
119,chr13:68820000-69950000,-0.35881539,0.719733199,12,1.733307768
120,chr13:30040000-31470000,-0.451716837,0.651472987,15,1.934711561
121,chr13:22180000-23280000,-0.353524552,0.723695226,12,1.751585266
122,chr13:22170000-23790000,-0.020150847,0.983923038,17,2.416209378
123,chr13:51690000-52810000,-0.218256869,0.827228978,13,1.612170922
124,chr13:88710000-89750000,-0.157416731,0.874916429,11,1.754836587
125,chr13:25970000-27460000,0.114560809,0.908793245,16,2.027830817
126,chr13:30040000-31650000,-0.508177321,0.611328994,17,1.946902197
127,chr13:36520000-37570000,-0.234896413,0.814289134,11,1.740627795
128,chr13:65080000-66210000,-0.219671341,0.826127126,13,1.87856814
129,chr13:84170000-85230000,-0.571464452,0.56768485,12,1.952676497
130,chr13:78700000-79920000,0.686216813,0.492576397,13,2.345375025
131,chr13:33150000-34410000,0.044268764,0.96469017,14,2.072652701
132,chr13:80190000-81510000,-0.275849923,0.782663337,15,1.897137553
133,chr13:73360000-74270000,-0.389721047,0.696742831,10,1.734957419
134,chr13:107810000-108800000,-0.607365794,0.543608184,10,1.760344825
135,chr13:20750000-22080000,-0.123286745,0.901880037,14,2.040639514
136,chr13:76420000-77540000,-0.067802376,0.945942952,12,1.70772019
137,chr13:61170000-62050000,-0.190492362,0.848923328,10,1.840467241
138,chr13:43160000-44440000,-0.184318074,0.853763935,14,1.796482798
139,chr13:96720000-97620000,-0.255840276,0.798074173,10,1.630307337
140,chr13:41890000-42820000,-0.510833939,0.609467342,11,1.781088054
141,chr13:27510000-28570000,1.154682261,0.248220566,11,2.482986554
142,chr13:47380000-48370000,-0.369191664,0.711984869,11,1.713360077
143,chr13:40260000-41330000,-0.397891031,0.690710512,12,2.005358823
144,chr13:98570000-99500000,-0.33376493,0.738556949,10,1.528779266
145,chr13:50650000-51650000,-0.348196435,0.727692665,11,1.512209644
146,chr13:44460000-45540000,-0.421993527,0.673029742,12,1.704333205
147,chr13:109590000-110800000,-0.458766113,0.646402132,13,2.03101823
148,chr13:34740000-35730000,-0.417768417,0.676116445,11,1.680222222
149,chr13:50510000-51650000,-0.382641782,0.701985386,12,1.66796323
150,chr13:46070000-46920000,-0.371595116,0.710194326,10,1.732056354
151,chr13:100270000-101200000,-0.077877782,0.937925273,10,1.902249028
152,chr13:19020000-20190000,-0.5832213,0.559744334,12,1.786006849
153,chr14:19360000-20720000,0.109812635,0.91255797,15,2.021397775
154,chr14:25800000-29120000,-0.469731512,0.638546851,34,1.907614849
155,chr14:46900000-49870000,-0.050595808,0.959647603,30,2.155047429
156,chr14:62670000-63560000,-0.329630904,0.741678869,10,1.626468591
157,chr14:64080000-64980000,0.20291115,0.839204479,10,2.073733316
158,chr14:23560000-24780000,-0.411447208,0.680744644,13,1.883942041
159,chr14:88360000-89460000,-0.141835621,0.887209847,12,1.779738109
160,chr14:23560000-24910000,-0.647594439,0.517247295,15,2.330364263
161,chr14:23570000-24590000,-0.200646235,0.840975203,11,1.857801666
162,chr14:105520000-107280000,-0.621933666,0.533985487,18,2.499039444
163,chr14:50050000-51010000,-0.19379016,0.846340192,11,1.862103776
164,chr14:55890000-56940000,-0.287656432,0.773609744,12,1.914123648
165,chr14:97450000-99820000,-0.077132751,0.938517939,25,1.940231638
166,chr14:66820000-67810000,0.651002423,0.515044923,11,2.291427569
167,chr14:62640000-63740000,-0.381142587,0.703097448,12,1.681147548
168,chr14:70240000-71320000,-0.245413386,0.806136366,12,1.816470227
169,chr14:33040000-34260000,-0.010876209,0.991322211,13,1.858186571
170,chr14:91970000-93150000,-0.132207013,0.894820554,13,1.968242418
171,chr14:50050000-51320000,-0.295565263,0.767562105,14,2.274120323
172,chr14:45870000-46810000,-0.300853316,0.76352635,11,1.912002237
173,chr14:58920000-59940000,-0.528977943,0.596820751,11,1.935909658
174,chr14:63830000-64970000,0.26406925,0.791726558,12,2.093231554
175,chr14:96000000-96950000,0.223445319,0.823188936,10,2.034293764
176,chr14:76140000-77140000,-0.150325945,0.880507464,11,1.873974358
177,chr14:102830000-103860000,-0.237154615,0.812536844,11,1.601134734
178,chr14:79400000-80420000,-0.136113794,0.891731323,11,1.66506138
179,chr14:78300000-79310000,-0.373435619,0.708824254,11,1.740704987
180,chr14:31930000-32980000,-0.416495095,0.677047756,11,1.97215096
181,chr14:53870000-54820000,-0.35073773,0.725785117,11,1.692227121
182,chr14:73490000-74520000,-0.369271194,0.711925594,12,1.890127428
183,chr14:35030000-36280000,-0.148385368,0.882038647,13,1.729397522
184,chr14:68290000-69310000,-0.589033458,0.555838829,12,1.860194449
185,chr14:89490000-90380000,0.001149533,0.999082806,10,1.985251997
186,chr15:41720000-43840000,-0.266566556,0.789802909,22,1.95073634
187,chr15:74640000-76140000,-0.127338211,0.898672719,16,1.914904971
188,chr15:76240000-77890000,0.426259905,0.669918471,17,2.288855986
189,chr15:66860000-68530000,-0.189201189,0.849935136,18,1.924057964
190,chr15:66860000-68140000,-0.235639439,0.813712467,14,1.855616876
191,chr15:67160000-68520000,-0.611918961,0.540591376,15,2.173616764
192,chr15:27120000-28280000,0.08756157,0.930225148,12,1.965788699
193,chr15:79580000-80530000,-0.457922071,0.64700843,11,1.84726614
194,chr15:58480000-59970000,0.083785893,0.933226664,16,1.88340241
195,chr15:72980000-74200000,0.35869103,0.71982624,13,2.17506122
196,chr15:46000000-47450000,-0.116747587,0.907060079,15,2.008040705
197,chr15:68600000-69730000,-0.148592291,0.881875357,12,1.830492095
198,chr15:39000000-40050000,-0.219993008,0.8258766,11,1.770870339
199,chr15:93610000-94650000,-0.325375451,0.744896933,11,1.567691422
200,chr15:52160000-53040000,0.109245085,0.913008101,10,1.975103568
201,chr15:47470000-48380000,-0.449649971,0.65296285,10,1.842616762
202,chr15:49510000-50450000,0.008980355,0.99283481,10,1.893347111
203,chr15:53070000-54040000,-0.603152069,0.54640753,11,1.704600277
204,chr15:65690000-66820000,-0.184805192,0.853381835,13,1.954421493
205,chr15:78190000-79070000,-0.316209247,0.75184369,10,1.623334392
206,chr15:64450000-65440000,-0.174662501,0.861344835,11,1.810607762
207,chr15:71110000-72020000,-0.333674499,0.738625194,10,1.782477795
208,chr15:42420000-43640000,-0.042709023,0.965933487,13,2.047923209
209,chr15:64440000-65310000,-0.230554579,0.817660857,10,1.745664448
210,chr15:56760000-57610000,-0.23685451,0.812769662,10,1.725575876
211,chr15:54240000-55450000,0.548592256,0.583285302,13,2.305015989
212,chr15:69760000-70840000,-0.279514572,0.779849957,12,1.80676214
213,chr15:95790000-96890000,-0.305565637,0.759935388,12,2.100391264
214,chr16:58810000-62200000,-0.167756528,0.866774823,34,1.996221943
215,chr16:63380000-65230000,-0.161842057,0.871430233,20,1.922395408
216,chr16:72130000-74150000,-0.125059015,0.90047683,21,2.280693691
217,chr16:19570000-20670000,-0.530698879,0.595627463,12,2.086259282
218,chr16:47180000-48210000,-0.343538077,0.731193701,12,1.841324932
219,chr16:5490000-6710000,-0.05676618,0.954731455,14,1.687231413
220,chr16:53560000-55450000,-0.134580321,0.892943702,20,1.866156598
221,chr16:72130000-74300000,-0.093979871,0.925125147,22,2.285371883
222,chr16:3190000-4460000,-0.512659096,0.608189807,14,2.015136829
223,chr16:74480000-75680000,-0.389183045,0.697140745,13,1.907230762
224,chr16:88650000-90150000,-0.796826911,0.425551564,16,2.530141031
225,chr16:82270000-83570000,-0.317198428,0.751093042,14,1.686533692
226,chr16:23660000-24520000,-0.236043491,0.813398923,10,1.562015875
227,chr16:25280000-27120000,0.032635216,0.973965486,20,1.933070567
228,chr16:12410000-13980000,0.270794645,0.786548978,16,2.207758118
229,chr16:6750000-8440000,-0.123565174,0.901659568,18,1.847013587
230,chr16:9250000-10290000,-0.243075068,0.807947245,11,1.623687542
231,chr16:65270000-66160000,-0.049702207,0.960359698,10,1.902771165
232,chr16:74700000-75680000,-0.321591816,0.747761945,10,1.812268023
233,chr16:75810000-77210000,-0.428412706,0.668350675,15,2.176029841
234,chr16:46500000-48670000,-0.285018973,0.775629606,22,1.892935821
235,chr16:62220000-63290000,-0.254095356,0.799421891,11,1.758202512
236,chr16:48690000-49970000,-0.123837112,0.901444247,14,1.975101654
237,chr16:34170000-35280000,-0.209463386,0.834086515,12,1.821153855
238,chr16:57590000-58790000,-0.133116548,0.894101208,13,1.998572407
239,chr16:50940000-52020000,-0.448787838,0.653584713,12,1.963613718
240,chr16:75820000-76760000,-0.364000309,0.715857778,10,1.916574773
241,chr16:46510000-48240000,-0.235979166,0.813448837,18,1.898245009
242,chr16:5710000-6700000,-0.2345847,0.814531086,10,1.637432355
243,chr16:11040000-11950000,-0.266483285,0.789867031,10,2.068625048
244,chr16:77240000-78110000,-0.461290464,0.644590226,10,1.562915706
245,chr16:740000-1980000,-0.71737972,0.473139829,13,2.175048948
246,chr16:2020000-3000000,-0.546409424,0.584784533,10,1.82370515
247,chr16:56450000-57570000,-0.415594031,0.677707095,12,2.021135246
248,chr16:83920000-85040000,-0.174689955,0.861323261,12,1.891544575
249,chr16:86080000-87330000,-0.387971907,0.698036824,14,1.973695197
250,chr16:68400000-69330000,-0.113139711,0.909919792,10,1.840881773
251,chr16:12980000-13960000,-0.497334366,0.618953281,11,2.001406583
252,chr16:72130000-73240000,0.046298573,0.963072276,12,2.02823968
253,chr16:78480000-79640000,-0.218728757,0.826861347,13,1.707671331
254,chr16:72140000-73110000,-0.012023134,0.990407158,11,1.934007208
255,chr16:79650000-80510000,-0.551454625,0.581322063,10,2.025838251
256,chr17:60700000-61690000,-0.348399368,0.727540277,10,1.606923276
257,chr17:9730000-10650000,-0.15661395,0.875549108,10,1.817813281
258,chr17:19890000-20890000,-0.143647415,0.885778897,11,1.670507203
259,chr17:60430000-61690000,0.078974965,0.937052536,13,2.088584022
260,chr17:25310000-26660000,-0.418752891,0.675396737,14,2.003861773
261,chr17:68630000-70550000,-0.203813591,0.838499172,20,1.93248126
262,chr17:78050000-78990000,-0.458523714,0.646576229,10,1.628791819
263,chr17:5400000-6900000,-0.388139795,0.697912584,15,2.085599541
264,chr17:40020000-41390000,-0.365251492,0.714923685,14,2.089871959
265,chr17:74740000-76070000,0.184050144,0.853974118,14,2.134642624
266,chr17:38770000-39820000,-0.508920431,0.610807998,12,1.840386389
267,chr17:3750000-4840000,-0.418503291,0.675579181,12,1.819849513
268,chr17:57280000-58140000,0.6558974,0.511890142,10,2.276938667
269,chr17:8250000-9480000,0.123048966,0.902068323,13,2.014255824
270,chr17:64190000-65050000,-0.204734684,0.837779421,10,1.809634864
271,chr17:16780000-17990000,-0.547194666,0.584245,13,1.825758591
272,chr17:67550000-68590000,-0.107148026,0.914671547,11,1.66237801
273,chr17:53880000-54840000,0.148911001,0.88162386,11,2.075121889
274,chr17:10800000-11840000,-0.409773223,0.681972311,11,1.789581954
275,chr17:27900000-29070000,-0.318891835,0.749808536,12,1.787881297
276,chr17:12060000-12930000,-0.038435697,0.9693403,10,1.990756078
277,chr17:5460000-6330000,-0.610893469,0.541270109,10,1.566742099
278,chr17:63220000-64160000,-0.754167188,0.450748837,10,1.967774169
279,chr18:68270000-70250000,-0.036252475,0.971081045,21,1.896813666
280,chr18:64870000-66430000,-0.120731175,0.903903966,17,1.740459057
281,chr18:32800000-34260000,-0.277237882,0.781597453,15,1.788687736
282,chr18:32570000-34400000,0.008181206,0.993472415,19,1.913789404
283,chr18:70340000-71600000,-0.20892673,0.834505437,13,1.795710544
284,chr18:57120000-58310000,-0.347949531,0.727878086,13,1.790735039
285,chr18:32790000-34410000,-0.36812048,0.712783401,18,1.795248804
286,chr18:20350000-21730000,-0.148247622,0.88214735,15,2.006166753
287,chr18:2780000-3680000,-0.149216253,0.881382996,10,1.689132684
288,chr18:6960000-8440000,-0.404469886,0.685867218,16,1.954308931
289,chr18:59840000-61120000,0.441535092,0.658825663,14,2.227137538
290,chr18:39620000-41040000,0.33800046,0.735362841,15,2.216430866
291,chr18:22080000-23470000,-0.162899147,0.870597843,15,1.787904691
292,chr18:8580000-9780000,0.849097897,0.395826821,13,2.408048027
293,chr18:75770000-76740000,-0.219007129,0.826644494,11,1.676831718
294,chr18:55850000-56820000,-0.41767599,0.676184029,11,1.83179107
295,chr18:53020000-54250000,-0.177024657,0.859489022,13,1.839518367
296,chr18:47020000-47980000,0.032957425,0.973708539,10,1.979702698
297,chr18:31390000-32390000,-0.188341669,0.850608823,11,1.796426334
298,chr18:28560000-29720000,-0.374073859,0.708349367,13,1.861349054
299,chr18:18510000-20310000,0.708342626,0.478732512,19,2.391559358
300,chr18:43690000-44540000,0.03445988,0.972510434,10,1.990439049
301,chr18:18530000-19530000,-0.296740728,0.76666446,11,1.834230393
302,chr18:54380000-55220000,-0.283208931,0.777016683,10,1.542424599
303,chr18:4070000-5060000,-0.36119606,0.717952887,11,1.698419995
304,chr18:77110000-78010000,-0.13602622,0.891800553,10,1.863375059
305,chr19:52280000-54160000,0.484621174,0.627945091,20,2.355835505
306,chr19:8740000-9920000,0.239949635,0.810369301,13,2.062547847
307,chr19:33080000-34650000,0.048428014,0.961375134,17,1.91289588
308,chr19:13230000-14630000,-0.458886065,0.646315986,15,2.2235601
309,chr19:15130000-16330000,-0.669435565,0.503217671,13,1.911742353
310,chr19:14660000-16330000,-0.252111646,0.800954769,18,1.84867365
311,chr19:14650000-16540000,-0.284100006,0.776333742,20,1.961402708
312,chr19:36790000-38330000,0.434140524,0.664186399,17,2.236187565
313,chr19:15140000-16140000,-0.632262887,0.52721511,11,1.935654943
314,chr19:14810000-16140000,-0.503890592,0.614338262,14,1.635168884
315,chr19:13060000-14620000,-0.340568455,0.733428481,17,2.228956967
316,chr19:45390000-46210000,-0.609619444,0.542113928,10,2.005407621
317,chr19:5970000-6920000,-0.399243575,0.689713738,11,1.529937497
318,chr19:29960000-31150000,0.020234356,0.983856421,13,2.042535433
319,chr19:35530000-36590000,-0.549911279,0.582380228,11,2.027517572
320,chr19:18540000-19460000,-0.583359354,0.559651414,10,2.022346741
321,chr19:31200000-32740000,-0.36094724,0.718138888,16,1.783496996
322,chr19:50660000-51610000,-0.304223255,0.760957809,11,1.758654861
323,chr19:11710000-12780000,-0.097066543,0.922673551,11,1.855792776
324,chr19:49130000-50360000,-0.173210433,0.862486023,13,1.630355588
325,chr19:52340000-53470000,-0.141746401,0.887280322,12,1.863450887
326,chr19:57740000-59100000,0.248557129,0.803703374,14,2.170299243
327,chr19:1870000-2830000,-0.191135498,0.848419437,11,1.76469817
328,chr19:33680000-34630000,-0.194127136,0.846076335,11,1.811493176
329,chr1:71560000-72530000,-0.138476686,0.889863694,11,1.814719244
330,chr1:208270000-209450000,-0.179237538,0.85775119,13,1.848497046
331,chr1:216910000-218360000,-0.023762759,0.981041846,15,1.959697447
332,chr1:14370000-15420000,-0.190608203,0.848832563,12,1.944400419
333,chr1:17420000-19190000,-0.710694063,0.47727384,18,2.332762269
334,chr1:68990000-70220000,-0.408311614,0.683044914,14,1.750499393
335,chr1:149840000-151240000,-0.034577921,0.972416308,15,2.124459954
336,chr1:95990000-97150000,0.235140473,0.814099706,13,2.165763822
337,chr1:210010000-211420000,0.075607424,0.93973143,15,2.020067656
338,chr1:165560000-166540000,-0.306040149,0.759574077,11,1.637584164
339,chr1:210240000-211420000,-0.175536385,0.860658184,13,1.808317432
340,chr1:163350000-165040000,-0.240492729,0.809948299,18,1.837901255
341,chr1:171550000-172530000,0.235715065,0.813653779,11,2.02798786
342,chr1:160050000-161130000,-0.379446982,0.704355968,12,1.670789692
343,chr1:87580000-89060000,0.190019588,0.849293781,16,2.124194038
344,chr1:178260000-179600000,-0.380534058,0.70354902,14,1.796815414
345,chr1:89360000-90470000,-0.205202304,0.837414069,12,1.727083167
346,chr1:8010000-8930000,-0.16377525,0.869908076,10,1.770367709
347,chr1:172650000-173940000,-0.411036982,0.681045417,14,1.819644753
348,chr1:172680000-174040000,-0.309621143,0.756849076,15,1.919713028
349,chr1:178270000-179810000,-0.181396803,0.856056128,17,1.89029375
350,chr1:106520000-107720000,-0.338936292,0.734657724,13,1.65776852
351,chr1:221610000-222620000,0.035991243,0.971289341,11,1.976008908
352,chr1:231900000-233400000,-0.189423714,0.84976074,15,1.80425893
353,chr1:230750000-231760000,-0.294544117,0.768342157,11,1.693318591
354,chr1:49390000-50790000,-0.332912666,0.739200208,15,1.604211726
355,chr1:57290000-58920000,-0.073984493,0.941022724,18,2.092555534
356,chr1:57290000-58790000,-0.292234786,0.770107116,16,1.993749776
357,chr1:155150000-156300000,0.008435347,0.993269646,12,1.973874163
358,chr1:236770000-237760000,0.129020381,0.897341522,11,2.017143071
359,chr1:208170000-209720000,-0.068551049,0.945346984,17,1.964559915
360,chr1:175000000-176210000,0.260719649,0.794308712,13,2.208955613
361,chr1:176860000-177940000,-0.256670361,0.797433254,12,1.883910564
362,chr1:228780000-229730000,-0.444202483,0.656896197,11,1.740053901
363,chr1:94400000-95530000,-0.133451778,0.893836099,12,1.809435503
364,chr1:41710000-42650000,-0.404414121,0.685908218,10,1.82326558
365,chr1:227630000-228740000,-0.032505724,0.974068751,12,1.971749718
366,chr1:10550000-11860000,-0.467530971,0.640120039,14,1.857465966
367,chr1:218430000-219980000,-0.079357805,0.93674803,16,2.07606874
368,chr1:168300000-169360000,-0.195198788,0.845237328,11,1.744297494
369,chr1:245250000-246650000,-0.109288559,0.912973621,15,1.929480702
370,chr1:100210000-101350000,0.360315185,0.718611445,12,2.229336996
371,chr1:55750000-57180000,-0.78479501,0.432573766,15,2.750302824
372,chr1:115660000-116560000,-0.545239381,0.585588889,10,1.609139056
373,chr1:85760000-86780000,-0.037828782,0.969824196,11,1.977394096
374,chr1:217000000-217970000,-0.495633972,0.62015268,10,1.929664932
375,chr1:50820000-51760000,-0.032388245,0.974162437,10,1.87671456
376,chr1:6740000-7810000,-0.102863479,0.918071324,12,1.701349744
377,chr1:228780000-229630000,-0.552715332,0.580458353,10,1.714656085
378,chr1:155160000-156040000,0.482570759,0.629400546,10,2.210200097
379,chr1:34090000-35230000,0.492508578,0.622359859,13,2.215458524
380,chr1:101980000-102930000,-0.405962645,0.684770048,11,1.754027078
381,chr1:90530000-91660000,0.454709548,0.649318211,12,2.223485144
382,chr1:61390000-62360000,-0.26521159,0.790846467,11,1.776895733
383,chr1:97420000-98520000,-0.239135819,0.811000268,12,1.715607746
384,chr1:169860000-170910000,-0.60780709,0.543315427,12,2.097248366
385,chr1:213410000-214330000,-0.436913943,0.66217376,10,1.737726591
386,chr1:17800000-19170000,-0.448449868,0.653828559,14,1.892359052
387,chr1:54300000-55340000,-0.471177327,0.637514109,11,1.725005336
388,chr1:115490000-116330000,-0.57412603,0.56588252,10,1.992877021
389,chr1:74270000-75200000,-0.349066514,0.727039375,10,1.641678748
390,chr1:99210000-100160000,-0.323835801,0.74606235,10,1.638152172
391,chr1:76590000-77590000,-0.219372537,0.826359861,11,1.815249122
392,chr1:15850000-16820000,-0.288525695,0.772944364,11,1.722641636
393,chr1:84360000-85240000,-0.133197401,0.894037266,10,1.855131875
394,chr1:111400000-112320000,-0.07525998,0.940007862,10,1.717625258
395,chr1:158130000-159070000,-0.419178446,0.675085723,10,1.68084438
396,chr1:87590000-88460000,-0.443842776,0.657156259,10,1.849327914
397,chr1:214860000-215720000,-0.453503597,0.650186154,10,1.8518352
398,chr1:32550000-33590000,-0.325477491,0.744819716,11,1.773426005
399,chr1:52500000-53660000,-0.193673706,0.846431382,12,1.722522831
400,chr1:243500000-244480000,0.067696123,0.946027536,10,2.047422984
401,chr1:59170000-60250000,-0.711964436,0.476486799,12,2.070828166
402,chr1:118620000-119580000,0.018368497,0.985344884,10,1.915335227
403,chr1:35310000-36270000,0.460911278,0.64486226,10,2.220284274
404,chr1:43650000-44520000,0.228244136,0.819456451,10,2.082327503
405,chr1:36960000-37900000,-0.165597559,0.868473668,10,1.794366087
406,chr1:9650000-10520000,-0.700953497,0.483332037,10,2.097184719
407,chr20:40570000-41710000,0.090450225,0.927929446,13,2.027683103
408,chr20:6100000-7890000,0.090205274,0.928124094,18,2.545203441
409,chr20:53310000-54800000,-0.319938327,0.749015083,15,1.955580326
410,chr20:37720000-39580000,-0.258653296,0.795902758,19,1.933387325
411,chr20:37730000-39340000,-0.255253989,0.798526935,17,1.871343249
412,chr20:11600000-12810000,-0.608852585,0.542622155,13,1.726598585
413,chr20:58590000-60500000,-0.517366768,0.604900153,20,2.372275811
414,chr20:30340000-31360000,-0.611646097,0.540771932,11,1.984580619
415,chr20:40350000-41990000,-0.190295676,0.849077442,17,1.830642227
416,chr20:22290000-23320000,-0.523262044,0.60079191,12,1.709245091
417,chr20:35800000-37050000,-0.418826278,0.675343099,13,1.95755242
418,chr20:36180000-37040000,-0.443720885,0.657244394,10,1.769700253
419,chr20:14290000-15220000,-0.439011067,0.660653518,11,1.789765324
420,chr20:18570000-19650000,-0.680852435,0.495964868,12,2.176810707
421,chr20:10520000-11540000,-0.161543776,0.871665136,11,1.764896475
422,chr20:46310000-47230000,-0.341990702,0.73235789,10,1.55959683
423,chr20:24080000-24920000,-0.469759423,0.638526908,10,1.621882891
424,chr20:10660000-11530000,-0.209305688,0.834209612,10,1.765158291
425,chr21:20130000-22180000,-0.435425527,0.663253585,21,1.99442029
426,chr21:22360000-24190000,-0.405270236,0.685278882,19,1.760652555
427,chr21:28140000-30130000,-0.101523095,0.919135225,21,1.821557123
428,chr21:41330000-42470000,-0.347835386,0.727963813,12,1.668825936
429,chr21:41110000-42470000,-0.366111859,0.714281609,14,1.640267445
430,chr21:35020000-36010000,-0.461511813,0.644431448,11,1.731676949
431,chr21:40890000-42490000,-0.462605638,0.643647066,17,1.81060977
432,chr21:46360000-47380000,-0.132067235,0.894931112,11,1.751474992
433,chr21:33990000-34900000,-0.232835096,0.815889459,10,1.769734308
434,chr21:45750000-48100000,-0.323213093,0.746533866,24,2.446028984
435,chr21:37490000-38330000,-0.532555524,0.594341296,10,1.85785805
436,chr21:31370000-32450000,-0.03661485,0.970792103,12,2.001506449
437,chr21:36060000-37410000,0.671977461,0.501598045,15,2.380922847
438,chr22:18880000-19930000,-0.787664915,0.430892733,12,2.108279704
439,chr22:33620000-35640000,0.77394806,0.438961507,21,2.558916139
440,chr22:29710000-31720000,-0.337174735,0.735985182,21,1.922304892
441,chr22:25460000-26780000,-0.45090036,0.652061364,14,1.722961398
442,chr22:42060000-43530000,-0.124611486,0.900831135,16,1.95052017
443,chr22:50150000-51230000,-0.316216024,0.751838546,12,1.676447482
444,chr22:43590000-45150000,-0.190292555,0.849079887,17,1.81354849
445,chr22:42060000-43000000,-0.20855104,0.834798735,10,1.805867044
446,chr22:27130000-28180000,0.029567715,0.976411814,11,2.016300655
447,chr22:36920000-37920000,-0.376632257,0.706446912,11,1.664697686
448,chr22:47600000-48900000,-0.38490327,0.700309083,13,1.872465362
449,chr22:34530000-35620000,-0.184526856,0.853600161,12,1.802038644
450,chrX:62470000-64740000,-0.561886748,0.574193183,24,2.085451844
451,chrX:144430000-146910000,-0.240801823,0.809708717,26,1.934613685
452,chrX:120770000-122170000,-0.202794747,0.839295464,15,1.795828196
453,chrX:22070000-23430000,-0.525767174,0.599049985,15,1.799739567
454,chrX:43770000-45090000,1.388391838,0.16501776,14,2.612714625
455,chrX:65990000-67310000,-0.343670817,0.731093861,15,1.714699944
456,chrX:2800000-3740000,-0.318160706,0.750363037,10,1.707368056
457,chrX:112310000-113330000,-0.426649323,0.669634767,11,1.577886396
458,chrX:21970000-23650000,-0.411963358,0.680366281,18,1.644687599
459,chrX:137840000-139090000,-0.025115688,0.979962687,13,1.998580064
460,chrX:33400000-34340000,-0.022618917,0.981954254,10,1.877074409
461,chrX:75490000-76640000,-0.184245124,0.853821161,13,1.775589094
462,chrX:38500000-40390000,-0.220511351,0.825472933,19,1.822297758
463,chrX:20540000-21740000,-0.396343215,0.691851851,13,1.615458655
464,chrX:20550000-21530000,-0.307669379,0.758333922,11,1.559752014
465,chrX:32380000-33350000,-0.625088682,0.531912856,11,1.936504418
466,chrX:14060000-15300000,-0.452302764,0.651050885,13,1.752858512
467,chrX:64750000-65960000,-0.147850274,0.882460932,13,1.959082452
468,chrX:41630000-43420000,-0.159259862,0.873464143,19,1.928837008
469,chrX:106100000-107330000,-0.196240305,0.844422083,13,1.769033906
470,chrX:45180000-46260000,0.223857902,0.822867873,12,1.972240871
471,chrX:67710000-68610000,-0.134979176,0.892628339,10,1.819091608
472,chrX:110940000-112190000,-0.423344301,0.672044077,13,1.662826774
473,chrX:15690000-16720000,-0.119334351,0.90501047,12,1.940765388
474,chrX:73790000-74870000,-0.1299688,0.896591111,12,1.608861733
475,chrX:136290000-137140000,-0.451956849,0.651300069,10,1.691481081
476,chrX:18400000-19360000,-0.373545155,0.708742744,10,1.750181164
477,chrX:8780000-9740000,-0.241511158,0.809158969,11,1.756538824
478,chrX:95930000-96970000,-0.419713394,0.674694839,11,1.732146204
479,chrX:39110000-40380000,-0.136521594,0.891408955,13,1.832276649
480,chrX:77790000-78700000,-0.319827003,0.749099477,10,1.632578764
481,chr2:15770000-16690000,-0.021564899,0.982795034,10,1.96805465
482,chr2:103440000-105580000,-0.573535685,0.566282045,22,1.933341644
483,chr2:228750000-230550000,-0.518678615,0.603984877,19,1.890685145
484,chr2:129540000-130640000,-0.134805818,0.892765406,12,1.811652925
485,chr2:133010000-134410000,-0.641852045,0.520969254,15,1.685186107
486,chr2:66610000-68250000,-0.672140162,0.501494471,17,2.225978066
487,chr2:164140000-165280000,-0.429729505,0.667392418,12,1.794109341
488,chr2:29050000-30300000,-0.636656036,0.524348916,13,2.281670006
489,chr2:129440000-130620000,0.023531424,0.981226373,13,1.939723232
490,chr2:29150000-30300000,-0.59450331,0.552175529,12,2.231667023
491,chr2:203240000-204730000,0.249397911,0.803053001,16,2.10503821
492,chr2:129470000-130460000,-0.031668018,0.9747368,11,1.956618839
493,chr2:237170000-238320000,-0.4736942,0.63571799,13,1.701274025
494,chr2:37310000-38990000,0.001222111,0.999024897,17,2.061160866
495,chr2:172400000-173580000,0.21678225,0.828378045,12,2.135254609
496,chr2:105940000-107200000,0.206504694,0.836396698,13,2.068554748
497,chr2:133000000-134590000,-0.554380017,0.579318799,16,1.711343106
498,chr2:164000000-165370000,-0.378936686,0.704734881,14,1.904569579
499,chr2:107240000-108430000,-0.140424973,0.888324227,13,1.719959289
500,chr2:201720000-203120000,-0.719193335,0.472021806,15,2.217620645
501,chr2:166190000-167020000,-0.303387721,0.761594402,10,1.758281597
502,chr2:156810000-158090000,-0.227228351,0.820246183,13,1.844733136
503,chr2:220570000-222840000,-0.421428247,0.673442396,24,1.99041942
504,chr2:62660000-64100000,-0.193754997,0.846367726,15,2.030218625
505,chr2:170290000-171760000,0.221360742,0.824811558,16,2.135916035
506,chr2:37360000-38760000,0.118099077,0.905989155,15,2.071951929
507,chr2:226540000-227970000,0.223167262,0.823405331,15,2.172108109
508,chr2:34230000-35360000,-0.324355206,0.745669128,12,1.694526971
509,chr2:129080000-130640000,-0.231486363,0.816936979,17,1.850239972
510,chr2:118770000-120060000,-0.521524535,0.602001419,14,1.838915863
511,chr2:137190000-138600000,-0.207866733,0.835333025,15,1.818565059
512,chr2:199170000-200470000,-0.278141882,0.780903447,14,1.927571183
513,chr2:204930000-206810000,0.068274699,0.945566965,20,1.901726265
514,chr2:207020000-208390000,-0.490065586,0.624087489,14,1.73286634
515,chr2:189380000-190290000,-0.23088317,0.817405566,10,1.746016612
516,chr2:217550000-218590000,0.268861344,0.788036385,11,2.064936941
517,chr2:73450000-74820000,-0.173980199,0.861881024,15,1.750635103
518,chr2:190510000-191690000,-0.599946685,0.548541768,12,2.124077632
519,chr2:64200000-65270000,-0.433573702,0.664598035,11,1.527952961
520,chr2:150450000-152100000,0.147440672,0.882784205,17,1.857658163
521,chr2:101930000-103110000,-0.395773905,0.692271829,13,1.880358935
522,chr2:239910000-240940000,-0.342329823,0.732102694,11,1.738052046
523,chr2:191900000-193050000,-0.302044315,0.762618281,12,1.655243757
524,chr2:44220000-45780000,-0.115264954,0.908235116,16,2.128719007
525,chr2:36060000-36990000,-0.264148109,0.791665794,10,1.554574162
526,chr2:122700000-124250000,-0.244315647,0.806986366,16,2.003933035
527,chr2:173800000-175260000,0.43899515,0.66066505,15,2.22733828
528,chr2:170790000-171750000,0.003796287,0.996971009,11,1.94737547
529,chr2:219040000-220250000,-0.290570468,0.771379849,13,1.815234677
530,chr2:241780000-243080000,0.02497833,0.980072248,14,2.032637982
531,chr2:84650000-85540000,0.519981971,0.603076141,10,2.199825804
532,chr2:180960000-181830000,0.169017923,0.865782544,10,2.033736588
533,chr2:190510000-191860000,-0.214734047,0.829974676,14,2.021774985
534,chr2:197610000-198640000,-0.015656015,0.987508818,11,1.938871102
535,chr2:226580000-227680000,-0.328560419,0.74248797,12,1.907041111
536,chr2:62660000-63800000,-0.38738389,0.698472028,12,2.119701649
537,chr2:9280000-10840000,0.109984005,0.91242206,17,2.080472265
538,chr2:160920000-161900000,-0.287485607,0.773740521,10,1.64263099
539,chr2:60970000-62110000,0.632386789,0.527134164,13,2.299119617
540,chr2:44220000-45190000,-0.404644723,0.68573868,10,1.528532064
541,chr2:71750000-72970000,-0.507271271,0.611964493,13,1.822550195
542,chr2:212580000-213440000,-0.301607863,0.762951013,10,1.740488075
543,chr2:68290000-69180000,-0.473280208,0.636013281,10,1.871342691
544,chr2:21630000-22510000,-0.37994581,0.703985641,10,1.724653967
545,chr2:155260000-156170000,0.020249405,0.983844416,10,1.985900982
546,chr2:13190000-14680000,0.944544632,0.344891406,16,2.50833276
547,chr2:134620000-135670000,-0.122212934,0.902730384,11,1.848668395
548,chr2:7220000-8910000,-0.985311476,0.324471097,18,2.721944446
549,chr2:9540000-10830000,-0.489160146,0.624728323,14,1.889631686
550,chr2:127830000-128990000,0.012151155,0.99030502,12,1.959055236
551,chr2:45830000-47130000,-0.058062061,0.953699194,14,1.904924956
552,chr2:69580000-70520000,-0.235698252,0.813666826,11,1.695177373
553,chr2:147770000-148670000,-0.012150149,0.990305822,10,1.923707875
554,chr2:32960000-33830000,-0.129195905,0.897202636,10,1.837306485
555,chr2:11930000-13150000,-0.256502351,0.797562965,13,1.698593313
556,chr2:144240000-145380000,-0.446812424,0.6550105,12,1.850128163
557,chr2:203230000-204320000,-0.344698566,0.730320996,12,1.668866585
558,chr2:700000-1780000,-0.293086455,0.76945607,11,1.827246844
559,chr2:230630000-231670000,0.068108424,0.945699325,11,1.918225669
560,chr2:75940000-76860000,-0.095910813,0.923591406,10,1.913332719
561,chr2:138630000-139580000,0.05383907,0.957063381,10,2.022257777
562,chr2:202090000-203100000,-0.589920817,0.555243737,11,2.086107623
563,chr2:235460000-236560000,-0.294817617,0.768133208,12,1.748507621
564,chr2:46200000-47130000,-0.089514134,0.928673321,10,1.841735096
565,chr2:221530000-222450000,-0.226061974,0.821153219,10,1.662652038
566,chr3:79540000-81280000,-0.39792394,0.690686252,18,1.633243704
567,chr3:165570000-167060000,-0.244808151,0.806604982,16,1.617925935
568,chr3:20380000-22010000,-0.292483154,0.769917238,18,1.882780437
569,chr3:84510000-85670000,-0.198721943,0.842480258,12,1.773859361
570,chr3:57090000-58470000,0.044676836,0.964364898,15,1.888793413
571,chr3:77470000-78680000,-0.210758352,0.833075838,13,1.732301047
572,chr3:185440000-186490000,-0.17343801,0.86230715,11,1.899296432
573,chr3:155680000-156950000,0.404454523,0.685878513,14,2.160571602
574,chr3:64520000-65630000,0.172983467,0.862664423,12,2.076852854
575,chr3:103930000-105080000,0.211532156,0.832472043,12,2.116787488
576,chr3:74210000-75190000,-0.441870388,0.658583,10,1.540781186
577,chr3:56620000-58280000,0.122387826,0.902591879,17,1.948630249
578,chr3:132400000-133650000,-0.306299411,0.759376688,13,1.897979861
579,chr3:102360000-103500000,-0.382221018,0.702297433,12,1.456850905
580,chr3:134310000-135290000,-0.384599769,0.700533965,10,1.944006463
581,chr3:186930000-188870000,-0.243294609,0.80777718,20,1.808546871
582,chr3:64510000-65730000,-0.196740715,0.844030447,13,1.805781603
583,chr3:169480000-170580000,0.375662402,0.707167893,12,2.175655965
584,chr3:132420000-133830000,-0.351747059,0.725027965,15,1.849978943
585,chr3:56630000-58150000,0.07204367,0.942567155,16,1.962224519
586,chr3:16600000-17900000,0.006998858,0.994415765,13,2.010927494
587,chr3:147030000-148270000,-0.696709284,0.485984748,13,1.934755965
588,chr3:188930000-190180000,-0.21861053,0.82695345,13,2.138741138
589,chr3:107230000-108300000,-0.169928287,0.865066535,11,1.869729589
590,chr3:54790000-56520000,-0.347269903,0.72838856,19,1.818363795
591,chr3:113840000-115550000,1.364643881,0.172365006,18,2.599321692
592,chr3:190780000-192170000,-0.147911341,0.882412738,15,1.8188569
593,chr3:170610000-172470000,0.104574534,0.916713423,19,1.922530868
594,chr3:57080000-58280000,0.186652404,0.851933176,13,2.003542472
595,chr3:19070000-20230000,0.205246384,0.837379632,13,2.126332403
596,chr3:154040000-155450000,0.891221392,0.37281041,15,2.373310896
597,chr3:151640000-152670000,-0.096172665,0.923383441,11,1.887364215
598,chr3:55440000-56340000,-0.235903306,0.813507703,10,1.657288544
599,chr3:50400000-51960000,0.053249599,0.957533038,16,2.125728966
600,chr3:132430000-133380000,-0.484187872,0.628252543,10,1.852413554
601,chr3:1050000-2090000,-0.166683627,0.867618989,11,1.778944504
602,chr3:16300000-17290000,-0.488269371,0.625359054,10,1.955636538
603,chr3:100020000-101390000,-0.526774838,0.598349958,14,1.767045928
604,chr3:134300000-135640000,-0.590540295,0.554828479,14,2.237103223
605,chr3:51980000-53290000,-0.283455385,0.776827778,14,1.939865244
606,chr3:171560000-172410000,-0.289685334,0.772056977,10,1.733243005
607,chr3:42930000-44330000,-0.203506792,0.838738938,15,1.860340713
608,chr3:66980000-67910000,-0.131738174,0.89519139,11,1.828393943
609,chr3:191130000-192170000,-0.234341296,0.814720029,11,1.755234467
610,chr3:139130000-140630000,-0.361559544,0.717681201,16,1.645703611
611,chr3:174620000-175670000,-0.094533158,0.924685644,11,1.835805141
612,chr3:121220000-122420000,-0.523128577,0.60088478,13,2.019129069
613,chr3:137890000-139100000,-0.194624892,0.845686614,13,1.704302813
614,chr3:158540000-159520000,0.074128426,0.940908197,11,2.026259716
615,chr3:40360000-41920000,-0.655498405,0.512146913,17,1.979575278
616,chr3:4350000-5240000,-0.362526691,0.716958481,10,1.645220668
617,chr3:70570000-71720000,-0.255796235,0.798108181,13,1.79375387
618,chr3:187430000-188760000,-0.439933601,0.659985199,14,1.947177008
619,chr3:154040000-155050000,0.804483875,0.421117578,11,2.359633893
620,chr3:182550000-183580000,-0.565231749,0.571916144,11,2.216428995
621,chr3:28830000-29990000,-0.315446298,0.752422819,12,1.673761423
622,chr3:58600000-59880000,-0.560167338,0.575365303,13,1.959953525
623,chr3:152710000-153740000,0.450750028,0.652169721,11,2.198825597
624,chr3:81510000-82570000,-0.153164246,0.878268752,11,1.852592741
625,chr3:192210000-193290000,-0.06424998,0.948771182,11,1.770854601
626,chr3:87300000-88230000,-0.646416413,0.518009714,10,1.636892727
627,chr3:130750000-131940000,-0.418682332,0.67544831,13,1.921566892
628,chr3:71890000-72890000,-0.306986093,0.758853957,11,1.656090269
629,chr3:88250000-89170000,-0.533325362,0.593808374,10,1.646775723
630,chr3:5260000-6900000,0.115135376,0.908337821,17,2.045771819
631,chr3:23010000-23990000,-0.308756001,0.757507141,10,1.581078279
632,chr3:96580000-97440000,-0.160769723,0.872274772,10,1.780412457
633,chr3:136790000-137690000,-0.101234286,0.91936448,10,1.920063285
634,chr3:181400000-182400000,-0.126667715,0.8992034,10,1.833912231
635,chr3:116480000-117440000,-0.33176804,0.740064419,11,1.984217605
636,chr3:3240000-4320000,-0.158264495,0.874248384,12,1.885659516
637,chr3:123350000-124270000,-0.431485779,0.666115191,10,1.659839572
638,chr3:160280000-161160000,-0.223860502,0.822865851,10,1.699498828
639,chr3:139650000-140610000,-0.104029952,0.917145579,11,1.778878811
640,chr3:179470000-180320000,-0.644543695,0.519222933,10,1.756570963
641,chr3:105370000-106340000,-0.529515138,0.596448146,11,2.085125384
642,chr3:126360000-127260000,-0.811077505,0.417321163,10,2.275961797
643,chr3:135770000-136740000,-0.073733362,0.941222552,11,1.92728768
644,chr4:44730000-46690000,-0.312286887,0.754822505,20,1.74751822
645,chr4:18680000-20250000,-0.312916014,0.754344471,17,1.777961437
646,chr4:171890000-173080000,-0.569858449,0.568773709,13,2.029668195
647,chr4:187210000-190910000,-0.761180933,0.446549005,38,2.179682461
648,chr4:4380000-5950000,-0.323258894,0.746499182,17,1.939419384
649,chr4:120990000-122270000,-0.112211267,0.910655895,14,1.836785243
650,chr4:171880000-172900000,-0.385908404,0.699564507,11,1.941963606
651,chr4:115970000-117080000,-0.224546668,0.822331958,12,1.823678112
652,chr4:25840000-27040000,-0.433099536,0.66494246,13,1.612325417
653,chr4:123960000-125220000,0.402741026,0.687138749,14,2.192632856
654,chr4:148950000-150200000,-0.36959351,0.711685388,13,1.716680526
655,chr4:162150000-163090000,-0.15006816,0.88071084,10,1.87413247
656,chr4:104900000-106660000,-0.052381901,0.958224395,18,1.822930207
657,chr4:13630000-15210000,1.088019419,0.276586535,17,2.531480227
658,chr4:22930000-24430000,-0.322951443,0.746732016,16,1.857906853
659,chr4:90100000-91220000,-0.355032625,0.72256515,12,1.80339088
660,chr4:24460000-25380000,0.260838528,0.794217032,10,2.075006171
661,chr4:140490000-141830000,-0.482669292,0.629330571,15,2.168073039
662,chr4:21780000-22760000,-0.168299087,0.866347992,11,1.956904561
663,chr4:70510000-71420000,-0.283804111,0.776560504,10,1.813796804
664,chr4:74140000-75010000,-0.08422912,0.932874266,10,1.911368589
665,chr4:52680000-55160000,-0.046339596,0.96303958,26,2.563724836
666,chr4:85980000-86980000,-0.1867195,0.851880566,11,1.812871857
667,chr4:122740000-123860000,-0.00626622,0.995000312,12,1.912191921
668,chr4:84570000-85460000,-0.351036746,0.725560781,10,1.571368901
669,chr4:121000000-122030000,-0.127523052,0.898526429,11,1.628284102
670,chr4:78850000-79850000,-0.140846894,0.887990896,11,2.030254987
671,chr4:36350000-37410000,-0.206296575,0.836559253,12,1.856795104
672,chr4:125290000-126200000,-0.431635084,0.666006655,10,1.747661839
673,chr4:129080000-130050000,-0.048170851,0.961580081,11,1.92125001
674,chr4:17510000-18610000,0.460129912,0.645422975,12,2.198580169
675,chr4:41940000-42890000,0.341516559,0.732714741,10,2.122147361
676,chr4:16280000-17470000,0.380876912,0.703294585,13,2.143337714
677,chr4:156880000-157980000,-0.50610048,0.612786114,12,1.889057776
678,chr4:10560000-11470000,-0.27628804,0.782326841,10,1.593376247
679,chr4:112980000-113890000,0.041413389,0.966966339,10,1.990400652
680,chr4:138920000-139840000,-0.431928286,0.665793536,10,1.958826532
681,chr4:167080000-167930000,-0.100046952,0.92030705,10,1.840874438
682,chr4:77070000-78140000,-0.351200054,0.725438269,12,1.664344749
683,chr4:152030000-153280000,-0.448069817,0.65410281,13,1.770660522
684,chr4:53870000-55130000,0.098337046,0.921664663,14,2.078199385
685,chr4:145070000-146000000,-0.504748558,0.613735451,10,1.965010674
686,chr4:53870000-54770000,-0.21550597,0.829372858,10,1.90322018
687,chr4:7140000-8100000,-0.443123348,0.657676518,10,1.919826013
688,chr4:4990000-5840000,-0.504336727,0.614024773,10,1.488355107
689,chr5:2090000-4840000,-0.216033645,0.828961522,29,1.9244795
690,chr5:98430000-99740000,-0.065701127,0.947615775,14,1.883536329
691,chr5:165010000-166540000,0.645714389,0.51846434,16,2.348719632
692,chr5:116760000-118180000,0.37279024,0.709304568,15,2.247075885
693,chr5:147300000-148560000,-0.260952415,0.794129203,13,1.801986092
694,chr5:122990000-125020000,0.555105773,0.578822314,22,2.301976504
695,chr5:116870000-118180000,0.083882115,0.93315016,14,2.07246754
696,chr5:121780000-122710000,-0.178948668,0.857978008,11,1.672075761
697,chr5:72870000-73980000,-0.352534932,0.724437126,12,2.015852218
698,chr5:121510000-122740000,-0.191518059,0.848119733,13,1.747766919
699,chr5:15070000-16440000,0.099760709,0.920534302,15,2.045377003
700,chr5:147230000-148660000,-0.285517009,0.775248075,15,1.831207635
701,chr5:120140000-121280000,-0.174180213,0.861723836,12,1.728764643
702,chr5:158640000-159810000,-0.012414321,0.99009506,13,2.047645358
703,chr5:141030000-142080000,-0.389787147,0.696693948,11,1.627270759
704,chr5:121780000-122970000,0.129441909,0.897007988,13,1.963746223
705,chr5:157430000-158570000,-0.45692492,0.647725012,12,1.998352506
706,chr5:125670000-126840000,-0.035828221,0.971419331,13,1.97503984
707,chr5:39570000-40750000,-0.452983381,0.650560708,13,1.692591859
708,chr5:143580000-145010000,-0.571402743,0.56772667,16,1.82739017
709,chr5:149820000-151150000,0.097101847,0.922645514,14,2.039010811
710,chr5:155320000-156560000,-0.268281777,0.788482432,13,1.730253582
711,chr5:112960000-114410000,-0.517512835,0.604798212,16,1.839342283
712,chr5:96530000-98170000,0.214641925,0.830046504,17,2.271818346
713,chr5:13960000-15020000,-0.106119892,0.915487229,12,1.796378697
714,chr5:5430000-6750000,0.232397978,0.816228919,14,2.124945462
715,chr5:101900000-102840000,-0.308184554,0.757941905,10,1.725587399
716,chr5:173810000-174870000,-0.284176621,0.776275031,11,1.697335176
717,chr5:151900000-153340000,-0.274105149,0.784003817,15,1.745496809
718,chr5:55530000-56570000,-0.611494025,0.540872573,11,2.078974551
719,chr5:129240000-130460000,-0.007740253,0.993824233,13,1.935226293
720,chr5:143580000-144750000,-0.54982005,0.582442805,13,1.608131498
721,chr5:94950000-96020000,-0.36582168,0.714498141,12,1.53592789
722,chr5:142290000-143360000,0.002550443,0.997965043,12,2.012426497
723,chr5:87030000-87980000,-0.185780533,0.852616871,10,1.857316774
724,chr5:153350000-154330000,-0.575717119,0.564806402,11,2.035953242
725,chr5:56590000-57760000,-0.058832784,0.953085296,13,1.857774765
726,chr5:161520000-162850000,0.270971735,0.786412772,14,2.182444534
727,chr5:125930000-126830000,-0.205759682,0.836978637,10,1.707578646
728,chr5:171870000-172760000,-0.069061568,0.944940612,10,1.864942059
729,chr5:177670000-178930000,-0.143309608,0.886045668,14,1.831722904
730,chr5:52440000-53530000,-0.18514242,0.853117331,12,1.706264036
731,chr5:107780000-108820000,0.200099217,0.841402986,12,2.075530551
732,chr5:15090000-16050000,-0.34186741,0.732450677,11,1.805483907
733,chr5:76140000-77580000,0.226237736,0.821016522,15,2.19017884
734,chr5:159860000-161100000,-0.045044304,0.964071995,13,1.994996536
735,chr5:76370000-77580000,0.080494586,0.935843902,13,2.054552648
736,chr5:35030000-35950000,-0.45700104,0.647670298,10,1.572261522
737,chr5:162950000-163950000,-0.545251681,0.585580431,11,1.908867306
738,chr5:81610000-82870000,-0.371019575,0.710622952,13,1.821569052
739,chr5:133340000-134240000,-0.252056457,0.800997426,10,1.741903685
740,chr5:115430000-116330000,-0.477695354,0.632867052,10,1.926383256
741,chr5:6860000-7840000,-0.328710798,0.742374292,11,1.840597505
742,chr5:148710000-149760000,-0.249936826,0.802636204,11,1.597796236
743,chr5:88010000-89690000,0.341386335,0.732812761,17,2.270089081
744,chr5:123730000-124830000,-0.564837223,0.572184486,12,2.246285333
745,chr5:66520000-67550000,-0.386202707,0.699346549,11,1.720019259
746,chr5:168080000-169000000,-0.221092642,0.8250203,10,1.580180532
747,chr6:117630000-119170000,0.571851377,0.567422667,16,2.290401801
748,chr6:53940000-55060000,-0.139927541,0.88871724,12,1.952820095
749,chr6:47800000-49370000,0.297907319,0.765773902,16,2.246149665
750,chr6:20180000-21590000,-0.166423763,0.867823475,15,2.019322147
751,chr6:142790000-143780000,-0.508295987,0.611245784,11,1.742736114
752,chr6:33560000-35230000,-0.179351578,0.85766165,18,1.927477167
753,chr6:33430000-35240000,-0.126664637,0.899205836,19,1.91277849
754,chr6:136910000-138360000,0.687344188,0.491865859,15,2.372657944
755,chr6:56200000-57200000,0.159708933,0.873110364,10,2.094673181
756,chr6:148840000-149860000,-0.529626017,0.596371252,11,1.899808291
757,chr6:124070000-125170000,-0.513520971,0.607586945,12,1.854306581
758,chr6:140330000-141950000,-0.183642091,0.854294241,17,1.787458269
759,chr6:100300000-101270000,0.060345227,0.951880681,10,2.021945933
760,chr6:38850000-41010000,-1.00776401,0.313567767,23,2.642343763
761,chr6:150130000-151700000,-0.024375648,0.980552973,16,2.038512768
762,chr6:13830000-15640000,0.505563681,0.613162983,19,2.336038185
763,chr6:53810000-55080000,-0.198117612,0.842953046,13,1.919583933
764,chr6:8950000-10440000,-0.176653181,0.859780819,16,1.909610904
765,chr6:18590000-20060000,0.038878732,0.968987073,16,1.979889002
766,chr6:158580000-159560000,-0.353568755,0.723662093,11,1.649702727
767,chr6:137270000-138350000,-0.080749853,0.93564089,12,1.929703193
768,chr6:87770000-89660000,0.530529437,0.595744905,20,2.358326067
769,chr6:96940000-97860000,-0.336996222,0.736119748,10,1.684908086
770,chr6:133240000-134220000,-0.515338391,0.606316576,11,1.917050938
771,chr6:153330000-154400000,-0.120417083,0.90415276,11,1.811725674
772,chr6:74440000-75930000,-0.347060826,0.728545622,16,1.760979596
773,chr6:5110000-6580000,0.064485789,0.948583423,15,2.053186122
774,chr6:50760000-51910000,-0.414501388,0.67850695,13,1.841475314
775,chr6:86410000-87690000,-0.376978923,0.706189268,13,1.630926515
776,chr6:126310000-127470000,-0.556181493,0.578086789,12,2.148077636
777,chr6:55130000-56150000,0.026986092,0.978470827,11,1.786526597
778,chr6:23010000-24260000,-0.124403455,0.900995838,13,1.904483067
779,chr6:14160000-15630000,-0.17029006,0.864782028,16,2.447527369
780,chr6:84980000-86030000,-0.155258748,0.876617336,12,2.028973396
781,chr6:25150000-26010000,-0.245968269,0.805706796,10,1.815441295
782,chr6:37280000-38740000,0.56233562,0.573887374,16,2.273214814
783,chr6:88520000-89630000,-0.144510585,0.885097299,12,2.057600406
784,chr6:144860000-146040000,-0.270558494,0.786730622,13,1.638946456
785,chr6:150190000-151180000,-0.34040697,0.73355007,11,1.651457272
786,chr6:5410000-6580000,0.631525381,0.527697059,12,2.307962114
787,chr6:75060000-75920000,-0.155271308,0.876607434,10,1.735414332
788,chr6:44420000-45910000,-0.059782497,0.952328866,16,2.064043527
789,chr6:151820000-152710000,-0.583608133,0.559483987,10,1.821414201
790,chr6:11580000-12620000,-0.591436833,0.554227768,12,2.137775333
791,chr6:108280000-109410000,0.082884044,0.933943741,13,1.966052124
792,chr6:1560000-2720000,-0.391277817,0.695591894,13,1.66371922
793,chr6:30410000-31450000,0.109197691,0.913045692,11,2.050887435
794,chr6:109810000-110760000,-0.107481649,0.914406883,10,1.872520105
795,chr6:34130000-35220000,0.043751202,0.965102725,12,2.026335077
796,chr6:21600000-22890000,0.109994835,0.912413471,13,2.101734177
797,chr6:105870000-106760000,-0.088347082,0.92960082,10,1.778963002
798,chr6:20550000-21580000,-0.140740948,0.888074595,11,1.867729243
799,chr7:51460000-54740000,-0.108018722,0.913980841,34,2.129842477
800,chr7:152590000-154260000,-0.474105174,0.635424909,18,1.834479556
801,chr7:13400000-14600000,-0.045611013,0.963620291,12,1.905536371
802,chr7:31170000-32510000,-0.484053179,0.628348129,15,1.67540314
803,chr7:149500000-150740000,-0.297202978,0.766311549,13,1.567146003
804,chr7:103070000-104500000,-0.294388959,0.768460703,15,1.72207433
805,chr7:23580000-24780000,-0.130952884,0.895812579,13,1.937926702
806,chr7:144730000-145820000,0.026977577,0.978477619,12,1.872822329
807,chr7:154640000-155570000,-0.397568247,0.69094847,10,1.814065932
808,chr7:36430000-37920000,0.198445873,0.84269623,16,1.935678714
809,chr7:121710000-123060000,-0.238169021,0.811750003,14,1.930340961
810,chr7:140200000-141490000,-0.318592587,0.750035475,13,1.790238092
811,chr7:112150000-113070000,0.023440364,0.981299008,10,1.939834731
812,chr7:140360000-141480000,-0.148364154,0.882055388,12,1.879436615
813,chr7:132290000-134060000,-0.05171168,0.95875843,19,1.837238342
814,chr7:3240000-4610000,-0.452438121,0.65095339,15,1.759011826
815,chr7:83570000-84640000,-0.259257112,0.795436868,12,1.67367019
816,chr7:77680000-78840000,-0.325701025,0.744650569,13,1.763999572
817,chr7:89770000-90690000,-0.33030539,0.741169221,10,1.81653814
818,chr7:20800000-22110000,0.051992914,0.95853434,14,2.054978879
819,chr7:120620000-121660000,-0.405793749,0.684894152,11,1.712567549
820,chr7:157230000-158350000,-0.375259707,0.707467329,12,1.757296581
821,chr7:94050000-95330000,-0.221394601,0.824785196,14,1.737345159
822,chr7:11430000-12430000,-0.334781189,0.737790152,11,1.542762431
823,chr7:42930000-43910000,-0.28372726,0.776619402,11,1.814058484
824,chr7:15270000-16110000,-0.315870241,0.752101001,10,1.53557874
825,chr7:155580000-156640000,-0.045916928,0.963376461,12,2.103228445
826,chr7:132380000-133740000,-0.07156429,0.942948659,15,1.884036831
827,chr7:23770000-24750000,0.055837751,0.955471061,11,2.082311339
828,chr7:117870000-118850000,-0.487528201,0.625884063,11,1.659814271
829,chr7:137280000-138550000,-0.286494923,0.774499082,14,2.232354909
830,chr7:47290000-48190000,0.116877321,0.90695727,10,1.878340792
831,chr7:45920000-47220000,-0.702708249,0.482237586,14,2.042339819
832,chr7:19740000-20650000,-0.255691986,0.798188683,10,1.672445712
833,chr7:95530000-96680000,0.116876098,0.906958239,12,2.100808979
834,chr7:21200000-22110000,-0.056337082,0.955073278,10,1.886263644
835,chr7:128030000-129690000,-0.244996795,0.806458913,17,1.691098338
836,chr7:131350000-132280000,-0.213071268,0.831271375,10,1.788151472
837,chr7:86890000-87840000,-0.346799258,0.728742134,11,1.973454021
838,chr7:44010000-45180000,-0.161523779,0.871680884,12,1.767177644
839,chr7:1580000-2430000,-0.558268917,0.576660767,10,2.137972579
840,chr7:157220000-159120000,-0.098188128,0.92178291,20,2.018645675
841,chr7:40830000-41760000,-0.339644303,0.734124411,10,1.933190907
842,chr7:66840000-68630000,-0.557919361,0.57689945,19,1.972627351
843,chr7:41990000-42880000,-0.402673553,0.687188392,10,1.556647214
844,chr8:83160000-85520000,-0.46791114,0.639848137,25,1.990388555
845,chr8:58300000-59350000,-0.368978702,0.7121436,11,1.568539399
846,chr8:93050000-94380000,-0.020103017,0.983961193,14,1.864517421
847,chr8:53620000-55090000,0.33939531,0.734311951,15,2.168956683
848,chr8:79350000-80450000,-0.514218179,0.607099459,12,1.913852925
849,chr8:41390000-42800000,-0.501009124,0.616364702,15,2.134514984
850,chr8:125510000-126720000,-0.274019106,0.784069939,13,1.863206918
851,chr8:21780000-23300000,0.477716092,0.632852289,16,2.332238322
852,chr8:58300000-59560000,-0.378466478,0.705084092,13,1.954807582
853,chr8:20260000-21760000,-0.390647767,0.696057613,16,1.768129697
854,chr8:90710000-91960000,0.788282416,0.43053153,13,2.351552721
855,chr8:128090000-129390000,-0.599681957,0.548718215,14,2.063908666
856,chr8:139740000-141420000,-0.466148281,0.641109366,18,2.05456744
857,chr8:118330000-120100000,1.146376339,0.251639468,18,2.498733928
858,chr8:4900000-5960000,-0.579104745,0.562518499,11,1.805820466
859,chr8:114450000-115500000,-0.18798774,0.850886262,11,1.848576998
860,chr8:122210000-123650000,-0.280508024,0.77908777,15,1.830246049
861,chr8:59610000-60930000,-0.284750428,0.775835353,14,1.823133043
862,chr8:61320000-62530000,-0.248428455,0.80380292,13,1.882499851
863,chr8:40090000-41260000,-0.537380599,0.591004742,13,1.925147088
864,chr8:20260000-21620000,-0.169034174,0.865769762,15,1.810164535
865,chr8:53630000-54750000,-0.105186772,0.916227607,12,1.800134979
866,chr8:46840000-47770000,-0.374198463,0.708256668,10,1.772966373
867,chr8:65400000-66490000,-0.466745258,0.640682145,11,1.633075383
868,chr8:20870000-21750000,-0.345782703,0.729506025,10,1.646886561
869,chr8:62650000-64030000,-0.560073816,0.575429089,15,1.790533881
870,chr8:76260000-77190000,-0.053847949,0.957056307,10,1.902531277
871,chr8:131970000-132880000,-0.40112753,0.688326233,10,1.56897049
872,chr8:18750000-20040000,-0.523985598,0.600288557,14,1.812975652
873,chr8:70560000-71590000,-0.32000566,0.74896404,11,1.736987464
874,chr8:24940000-26200000,0.228064469,0.819596122,13,2.137879176
875,chr8:22070000-23300000,0.430000792,0.667195065,13,2.254147356
876,chr8:34970000-36060000,-0.600131002,0.548418933,12,1.766775839
877,chr8:126870000-127790000,-0.210524512,0.833258323,10,1.719909989
878,chr8:69450000-70530000,0.029925588,0.976126399,12,1.967320098
879,chr8:37620000-38630000,-0.211536347,0.832468773,11,1.74895306
880,chr8:64260000-65300000,-0.394994078,0.692847258,11,1.578593555
881,chr8:106890000-107890000,-0.546560822,0.584680491,11,2.056961733
882,chr8:91010000-91980000,-0.061029195,0.951335958,10,1.813179626
883,chr8:127830000-128740000,-0.607434317,0.54356272,10,2.002938021
884,chr8:134480000-135900000,-0.495988074,0.619902825,15,2.123809384
885,chr8:127830000-129390000,-0.345081802,0.730032874,16,2.028356997
886,chr8:120850000-121980000,-0.458729193,0.646428648,12,1.712043376
887,chr8:71660000-72700000,-0.313371898,0.753998132,11,1.656249237
888,chr8:24950000-25960000,-0.22019054,0.825722764,11,1.877066547
889,chr8:97340000-98560000,-0.588807173,0.555990633,13,1.79234856
890,chr8:108860000-109740000,-0.497051741,0.619152565,10,1.880470903
891,chr8:77270000-78310000,-0.481885544,0.629887256,12,1.740592516
892,chr8:22080000-22910000,0.039631597,0.968386836,10,1.961273206
893,chr8:19180000-20040000,-0.321027926,0.748189228,10,1.835690875
894,chr8:105800000-106790000,-0.403769864,0.686381959,10,1.707161551
895,chr8:99520000-100890000,0.928215546,0.353295772,14,2.463190174
896,chr8:97340000-98230000,-0.264241828,0.791593582,10,1.692860938
897,chr8:96310000-97230000,-0.479262276,0.631752056,10,1.836915585
898,chr8:42940000-43830000,-0.126239915,0.899542017,10,1.648586655
899,chr8:136850000-137750000,-0.166707402,0.867600281,10,1.92976474
900,chr8:8880000-9710000,-0.094129777,0.925006066,10,1.896753088
901,chr8:102330000-103240000,0.082650459,0.934129478,10,1.935406442
902,chr8:140390000-141440000,-0.387791682,0.698170202,12,1.731643517
903,chr8:36690000-37590000,-0.291727581,0.770494919,10,1.864881449
904,chr8:118380000-119470000,0.476317902,0.633847913,12,2.20755
905,chr8:67570000-68410000,-0.256956689,0.797212208,10,1.868495122
906,chr9:82810000-85650000,0.361262163,0.717903476,29,2.382519511
907,chr9:4410000-5440000,-0.250117608,0.8024964,11,1.671012371
908,chr9:120340000-122190000,-0.288046146,0.773311415,19,1.895529167
909,chr9:74390000-75690000,-0.252485847,0.800665552,14,2.067632711
910,chr9:124250000-125590000,-0.409951682,0.681841392,14,1.616669706
911,chr9:101730000-103190000,0.851126914,0.394698856,15,2.480679331
912,chr9:21170000-22250000,0.411918281,0.680399321,12,2.160880726
913,chr9:125810000-127300000,0.498208621,0.618337006,15,2.272208489
914,chr9:4380000-5770000,0.777662377,0.436768077,15,2.291541443
915,chr9:101910000-103110000,0.697301791,0.485613947,13,2.385183934
916,chr9:127520000-129560000,0.442456551,0.658158865,21,2.280231825
917,chr9:128150000-129360000,-0.500110499,0.616997274,13,1.993001179
918,chr9:99450000-100380000,-0.143287025,0.886063503,10,1.822802866
919,chr9:128140000-129560000,-0.192800986,0.847114831,15,2.008748234
920,chr9:88990000-90430000,-0.005373839,0.995712317,16,2.130947412
921,chr9:19890000-21140000,0.490573109,0.62372841,14,2.284092118
922,chr9:137360000-138360000,0.154098247,0.877532271,11,2.054978707
923,chr9:3180000-4340000,-0.162755894,0.870710636,13,1.853212661
924,chr9:114390000-115610000,-0.148470482,0.88197148,14,2.051722951
925,chr9:4680000-5760000,0.190838184,0.848652372,12,2.092434044
926,chr9:74390000-75450000,-0.441778284,0.658649654,12,2.213339738
927,chr9:13320000-14420000,-0.246019623,0.805667043,12,1.783049706
928,chr9:76260000-77240000,-0.57632594,0.564394893,11,2.082633141
929,chr9:33560000-34600000,0.219806143,0.826022135,11,2.136530588
930,chr9:77810000-78930000,-0.239402414,0.810793558,12,1.684060354
931,chr9:117160000-118300000,-0.472239107,0.636756129,12,1.752884174
932,chr9:129600000-130690000,-0.457600354,0.647239589,11,1.874742805
933,chr9:86980000-88230000,0.041730139,0.966713828,14,1.741487014
934,chr9:122260000-123140000,-0.297974202,0.765722854,10,1.668825116
935,chr9:33300000-34380000,0.219128963,0.826549589,11,2.102343774
936,chr9:126170000-127160000,-0.125387646,0.900216668,11,1.818027457
937,chr9:107520000-108520000,-7.91E-05,0.99993689,11,1.996808052
938,chr9:108650000-109940000,-0.616600974,0.537497952,14,2.031930843
939,chr9:117420000-118310000,-0.292261608,0.77008661,10,1.561238006
940,chr9:110170000-111540000,-0.205454255,0.837217235,15,1.657134832
941,chr9:80040000-80980000,-0.56146055,0.574483616,10,1.892935928
942,chr9:5830000-6760000,-0.216169277,0.828855801,10,1.541691514
943,chr9:98040000-99000000,-0.046969928,0.962537195,10,1.851682165
944,chr9:89020000-89930000,-0.56636878,0.571143113,10,1.549277723
945,chr9:118340000-119430000,-0.483043054,0.629065167,12,2.04312432
946,chr9:34670000-35580000,-0.32744535,0.743331071,10,1.570952545
