"","tad","lambdan","pvalue","n","max.lambdan"
"1","chr10:9370000-10880000","-0.7387404993284457","0.46006458839788966","16","1.8624640573682847"
"2","chr10:21560000-23380000","-2.429778805030587","0.015108040038392516","19","2.716893271618962"
"3","chr10:73800000-74970000","-1.8253738893957685","0.06794462675469917","12","2.3950829620697034"
"4","chr10:132020000-133370000","-0.3677401650698336","0.7130669885150143","14","1.6635938999849262"
"5","chr10:64190000-65540000","-1.1189125859365967","0.26317743306347074","15","2.12413728721654"
"6","chr10:13390000-15200000","-1.6924320258877357","0.09056363036086856","19","2.398218393506817"
"7","chr10:23420000-24850000","-0.388127867280878","0.6979214102132123","15","1.8088103471787014"
"8","chr10:77030000-78870000","-1.4578140030033795","0.14489181747544885","19","2.147373440529316"
"9","chr10:133960000-135470000","-1.986866377108041","0.04693720648845025","16","2.2171942199746555"
"10","chr10:57590000-58680000","-1.7079268155789908","0.08764992279693244","12","2.1090175076902455"
"11","chr10:73660000-74980000","-1.4365651536054125","0.15084159093594984","14","2.175540948534372"
"12","chr10:120780000-121670000","-0.6585125067036284","0.5102088632283229","10","1.735719125579815"
"13","chr10:44140000-45380000","-0.43116748379133313","0.666346595053636","13","1.7059840375973985"
"14","chr10:78890000-79780000","-1.4877413709481535","0.1368191126832686","10","2.2541858347905164"
"15","chr10:26590000-27650000","-0.7333374318196038","0.4633526501563717","12","2.0281841170268833"
"16","chr10:12220000-13140000","-0.6890777243338447","0.4907743571800943","10","1.8418288534082894"
"17","chr10:1230000-3080000","-1.727821976914423","0.08402014600309872","19","2.45810330903733"
"18","chr10:20050000-21060000","-0.44894653440241994","0.6534702260167611","11","1.837129930041162"
"19","chr10:27680000-28700000","-0.05874805367658024","0.9531527841062807","11","1.5383165319472456"
"20","chr10:109070000-110300000","-0.3878856726534362","0.6981006412473396","13","1.7974768443824705"
"21","chr10:3210000-4750000","-1.1423429487715169","0.2533114954702276","16","2.120342414816053"
"22","chr10:6460000-7830000","-0.9124308059678492","0.36154197892320317","15","1.9779919510044353"
"23","chr10:22270000-23380000","-0.5489702012745816","0.5830258998069722","12","1.8802014252242216"
"24","chr10:98120000-99040000","-0.6275989979583977","0.5302666653026082","10","1.8472338282505931"
"25","chr10:98120000-99140000","-0.8001693749006421","0.42361267085953447","11","1.9358563659461732"
"26","chr10:7880000-9340000","-0.6925402972079286","0.4885980885787967","16","1.8957001932670448"
"27","chr10:72170000-73580000","-1.2199168194958285","0.22249640908655854","15","2.2275313820625255"
"28","chr10:35910000-37160000","-0.4263819845657328","0.669829526584412","13","1.7987314262996998"
"29","chr10:91530000-92470000","-0.390007824748323","0.6965307608847113","10","1.6677667356760713"
"30","chr10:130820000-131970000","-0.9170281918905718","0.3591278673525867","12","2.0903104083530866"
"31","chr10:62560000-63470000","-0.6865972715209193","0.4923365483469404","10","1.7603206307753654"
"32","chr10:76000000-76990000","-0.9884031036894976","0.3229552680964377","10","1.965235446103498"
"33","chr10:114230000-115340000","-0.18038930431329175","0.8568469505151257","12","1.5930672195930098"
"34","chr10:6770000-7830000","-1.1333482993722943","0.25706801622554754","12","2.01188073340661"
"35","chr10:30970000-32100000","-1.5829821404979156","0.11342553508544297","12","2.158728939741659"
"36","chr10:15910000-16850000","-0.5405423152589377","0.5888230870799188","10","1.7374270589132743"
"37","chr10:109140000-110020000","-0.4423347783251461","0.6582469677995397","10","1.8112778736607955"
"38","chr10:87280000-88130000","-0.8020136690383745","0.42254505135658627","10","1.8001134087874546"
"39","chr10:79800000-80990000","-0.6923684830729367","0.4887059530332494","12","1.7697950547999781"
"40","chr11:48180000-50770000","-1.3681553607899803","0.1712634509779356","27","2.0091507986094137"
"41","chr11:48190000-49610000","-0.24721704097654032","0.8047402577505078","16","1.7661291045573702"
"42","chr11:46720000-47730000","-0.6169124880498021","0.5372924493447302","11","1.9098292801614494"
"43","chr11:114560000-116580000","-1.1428152233579731","0.2531153168182734","21","1.9812181243159452"
"44","chr11:35560000-36540000","-0.5463529657428209","0.5848233344727718","11","1.727505029444083"
"45","chr11:114990000-116570000","-1.0134650375232126","0.310838087813615","17","1.9594018448835124"
"46","chr11:129710000-130800000","-0.5756975605208627","0.5648196245351123","11","1.8413110729685849"
"47","chr11:126290000-127660000","-0.5222547535905084","0.601492967862632","15","1.7383114137543108"
"48","chr11:110320000-111370000","-0.36241013385107396","0.717045567769632","11","1.689181747218222"
"49","chr11:34530000-35460000","-0.695735205734684","0.4865946734769845","10","1.7449595739063641"
"50","chr11:120200000-121480000","-0.8161832479834882","0.41439533650494775","13","2.015523065247498"
"51","chr11:15290000-16720000","-0.4877256204117707","0.6257442018451256","16","1.8992603982494365"
"52","chr11:105930000-107120000","-0.5093235031920708","0.6105254862019824","13","1.715430821158583"
"53","chr11:26300000-27520000","-0.38317307856161","0.701591437730405","13","1.714176270286974"
"54","chr11:19040000-20390000","-0.7569774000622276","0.4490634023432871","14","1.8163690796292093"
"55","chr11:55670000-56570000","-0.2527153819266594","0.8004881605750626","10","1.5403332554038462"
"56","chr11:20670000-22160000","-0.7331230873884399","0.46348335995030376","16","1.9404159402754337"
"57","chr11:59500000-60520000","-1.9644643415720253","0.049476267606280815","11","2.0967124130540227"
"58","chr11:6800000-7820000","-0.7898306023515621","0.429626704453849","11","1.7490691087374792"
"59","chr11:10890000-12310000","-0.4429984206604661","0.6577668770602745","16","1.8994465668871945"
"60","chr11:126190000-127410000","-0.23777803279560392","0.8120532573735008","14","1.8209935913255315"
"61","chr11:44090000-45810000","-1.4385003911743754","0.15029212655521274","19","2.3198475410357244"
"62","chr11:31360000-32240000","-1.1553140867413878","0.2479618294074708","10","1.9884179905408228"
"63","chr11:10800000-12010000","-0.1343110842914669","0.8931565886628713","13","1.7689804606435713"
"64","chr11:15650000-16710000","-0.4880628631942137","0.6255053146767038","12","2.0147401439345693"
"65","chr11:41520000-42530000","-1.2641792456578054","0.2061656983326866","11","2.1041907335645265"
"66","chr11:75110000-76220000","-1.5103663094178081","0.13094998035277447","12","2.0974667614265154"
"67","chr11:10930000-11810000","-0.5724394846240585","0.5670242724534926","10","1.842336504430465"
"68","chr11:9780000-10760000","-0.7770445376690776","0.4371324941677339","11","1.9498413893049018"
"69","chr11:75110000-76420000","-1.5705920087846184","0.11627744735446398","14","2.280526959406674"
"70","chr11:131570000-132840000","-0.3205030945666857","0.7485869848701107","14","1.7874404598304046"
"71","chr11:115190000-116140000","-0.962469867192967","0.3358136325146498","11","1.930935055221535"
"72","chr11:112160000-113150000","-0.9899637430832573","0.322191841020927","11","1.9040137229004328"
"73","chr11:121520000-122420000","-0.6113256925037298","0.540983985169099","10","1.7622277842421783"
"74","chr11:93560000-94660000","-0.7732676991606008","0.4393639678079406","12","2.028413741591013"
"75","chr11:19060000-19940000","-0.7359972597999729","0.46173236540079","10","1.7894395419866596"
"76","chr12:60280000-62590000","-0.4337983679139116","0.6644348668907452","24","1.9382753935739834"
"77","chr12:86420000-88390000","-0.555083836494176","0.5788373179891366","20","1.6676483467599976"
"78","chr12:60940000-62200000","-0.2976918720775943","0.7659383474788918","13","1.6770782068416001"
"79","chr12:60920000-62420000","-0.4920729352283762","0.6226677843513053","16","1.7999756230617892"
"80","chr12:33180000-34140000","-0.35652620029885346","0.7214465344609804","11","1.5817322953304793"
"81","chr12:104230000-105570000","-0.9195165103947588","0.35782547384107255","14","1.9868795719261558"
"82","chr12:97180000-98850000","-1.1969370491666338","0.23133109208390534","18","2.2513454126921544"
"83","chr12:65160000-66520000","-1.4452769762434703","0.14838010225885825","15","2.03779349111059"
"84","chr12:58620000-59590000","-0.5560654324917066","0.5781661249070962","10","1.889275487495516"
"85","chr12:11680000-12900000","-1.1181930445764698","0.263484554264631","13","1.7956262736750115"
"86","chr12:29600000-30980000","-1.6026571526925808","0.1090103681710957","14","2.2194353048513933"
"87","chr12:38710000-39670000","-0.8683086905976432","0.3852253658622473","10","1.9740098025242134"
"88","chr12:128970000-130490000","-0.7053011846775606","0.4806228233782591","16","1.9946337731957131"
"89","chr12:13010000-14230000","-1.2765597971889266","0.20175770295343443","13","1.99748579536397"
"90","chr12:96960000-98850000","-1.3384527249753597","0.18074890132581278","20","2.297988952324868"
"91","chr12:54970000-56040000","-0.7039151223393436","0.48148563332065863","12","1.7077463133973043"
"92","chr12:27880000-29130000","-1.295938924184969","0.1949965276427963","14","2.251345671796763"
"93","chr12:23320000-24980000","-0.8204217214180517","0.41197573686796585","17","2.1348232565918597"
"94","chr12:78670000-79770000","-0.4062308144078219","0.6845730148256938","12","1.6888250239980351"
"95","chr12:31440000-32500000","-1.1939068951145198","0.23251439004964558","11","1.979248634505115"
"96","chr12:91740000-93090000","-0.7039664870528645","0.4814536442677274","14","1.8672609311049495"
"97","chr12:51800000-53390000","-0.007924941508495362","0.9936768777121393","16","1.7011347749637695"
"98","chr12:58360000-59590000","-0.5141238383225649","0.6071654118060852","13","1.8186401552933418"
"99","chr12:97370000-98810000","-1.1546247626421176","0.24824412169625476","16","2.159620065532778"
"100","chr12:75870000-76970000","-1.2032665381233494","0.22887319356550295","12","2.114211309506016"
"101","chr12:131300000-132400000","-0.5094714086691722","0.610421834198902","11","1.6589170965468674"
"102","chr12:78520000-79770000","-0.5336651361741988","0.5935732342000355","13","1.9395358029794014"
"103","chr12:18280000-19390000","-1.1799901932464394","0.23800411533617738","12","1.9914917098635203"
"104","chr12:46380000-47410000","-0.7178417424208089","0.4728548721690534","12","1.8436380389498401"
"105","chr12:118840000-120080000","-0.6759056766330426","0.49910053337621196","13","1.8410081523390434"
"106","chr12:110330000-111280000","-0.7432420379494559","0.4573351565024367","10","2.119690108249095"
"107","chr12:124260000-125390000","-0.5479494837504167","0.5837265898544648","12","1.7354374232028873"
"108","chr12:44330000-45350000","0.0025265030227117485","0.9979841443899642","11","1.5708312344236075"
"109","chr12:77420000-78350000","-0.9184443314970885","0.358386290669256","10","1.8596051834000051"
"110","chr12:92160000-93080000","-0.47937390476185826","0.6316726543524485","10","1.6101354658778189"
"111","chr12:88450000-89390000","-0.8871506669679601","0.3749977886211959","10","1.819073305647776"
"112","chr12:94510000-95410000","-0.9181770228133423","0.3585261959330699","10","1.8510250877441903"
"113","chr12:102290000-103200000","-0.8629626635364139","0.38815799537678186","10","1.8711884907207001"
"114","chr12:115080000-116310000","-1.8596750653034761","0.0629315118723051","14","2.2029983269058206"
"115","chr12:120730000-121690000","-0.8253612941549695","0.4091665026123902","10","1.8779227995427765"
"116","chr13:112100000-113110000","-0.443816121741213","0.6571755315515269","10","1.6020932653344286"
"117","chr13:53740000-58030000","-0.8637897725244597","0.38770338721421627","44","1.9931740823790112"
"118","chr13:92780000-95060000","-0.6696542047106873","0.5030782513257998","24","1.9648413988550504"
"119","chr13:68820000-69950000","-0.44491253313710344","0.6563829649534104","12","1.7333077677538187"
"120","chr13:30040000-31470000","-0.644226080651156","0.5194288410517686","15","1.9347115614808357"
"121","chr13:22180000-23280000","-0.6613752863112488","0.5083716708499519","12","1.7515852658892836"
"122","chr13:22170000-23790000","-2.5072777347229604","0.01216650720310074","17","2.4162093776470144"
"123","chr13:51690000-52810000","-0.32775321724376005","0.7430982622953679","13","1.6121709215878326"
"124","chr13:88710000-89750000","-0.2851192948108537","0.775552748185816","11","1.7548365868420313"
"125","chr13:25970000-27460000","-0.5797652375986054","0.5620729429210055","16","2.027830817024581"
"126","chr13:30040000-31650000","-0.5620192382712738","0.5741029116326498","17","1.9469021968751585"
"127","chr13:36520000-37570000","-0.31096663658414164","0.755825985186166","11","1.7406277952867297"
"128","chr13:65080000-66210000","-0.7753901907847695","0.43810912964847293","13","1.8785681404638037"
"129","chr13:84170000-85230000","-0.5975834229350201","0.5501179279490556","12","1.9526764970416672"
"130","chr13:78700000-79920000","-1.6659733627596205","0.09571872003609201","13","2.3453750254984724"
"131","chr13:33150000-34410000","-1.4094294892065609","0.15870820939180252","14","2.0726527009496607"
"132","chr13:80190000-81510000","-0.6533205932736792","0.5135496189743383","15","1.897137553235237"
"133","chr13:73360000-74270000","-0.8069406551068005","0.4197006745517837","10","1.7349574193601"
"134","chr13:107810000-108800000","-0.15423048733084263","0.877428004364019","10","1.76034482494687"
"135","chr13:20750000-22080000","-1.4282061689790415","0.15323252552632505","14","2.0406395136741735"
"136","chr13:76420000-77540000","-0.3449053309843689","0.7301655427142271","12","1.707720189830515"
"137","chr13:61170000-62050000","-0.7581659019240934","0.44835167131381093","10","1.8404672405982163"
"138","chr13:43160000-44440000","-0.3637744065844858","0.7160264757313761","14","1.7964827981156404"
"139","chr13:96720000-97620000","-0.36841253310012245","0.7125656535921603","10","1.6303073367139016"
"140","chr13:41890000-42820000","-0.4017320256541099","0.6878812525648559","11","1.7810880542720628"
"141","chr13:27510000-28570000","-1.809179148922908","0.07042317588794185","11","2.4829865537101465"
"142","chr13:47380000-48370000","-0.5939399575451114","0.5525522725284449","11","1.7133600774473128"
"143","chr13:40260000-41330000","-1.306649757182876","0.19133168961461955","12","2.005358822664757"
"144","chr13:98570000-99500000","0.0143639420959309","0.9885396264602007","10","1.5287792664199078"
"145","chr13:50650000-51650000","0.004992147530881407","0.9960168591041987","11","1.5122096438579806"
"146","chr13:44460000-45540000","-0.6910184055913546","0.4895539745091526","12","1.7043332051602174"
"147","chr13:109590000-110800000","-0.7986812794945096","0.42447524449311913","13","2.0310182299934936"
"148","chr13:34740000-35730000","-0.30139471002366114","0.7631135276821116","11","1.680222222001277"
"149","chr13:50510000-51650000","-0.3294875223608187","0.7417872236447727","12","1.6679632301761491"
"150","chr13:46070000-46920000","-0.78473287095325","0.4326102058805191","10","1.7320563540519456"
"151","chr13:100270000-101200000","-0.8120555779272363","0.41675974124670245","10","1.9022490283554228"
"152","chr13:19020000-20190000","-0.4204634125014866","0.6741469520738803","12","1.786006848960245"
"153","chr14:19360000-20720000","-1.3287374757761994","0.18393459639238774","15","2.0213977750766534"
"154","chr14:25800000-29120000","-0.7262266057851746","0.4676998641618707","34","1.907614849194157"
"155","chr14:46900000-49870000","-1.1208124581775714","0.26236770005616683","30","2.1550474288242536"
"156","chr14:62670000-63560000","-0.46329463441612034","0.6431531912436967","10","1.6264685913391768"
"157","chr14:64080000-64980000","-1.1859257411712723","0.23565162660505778","10","2.073733315971248"
"158","chr14:23560000-24780000","-0.48778161596895475","0.6257045344645169","13","1.8839420412209051"
"159","chr14:88360000-89460000","-0.42426476059972673","0.6713727360083506","12","1.7797381089753759"
"160","chr14:23560000-24910000","-1.7835329266759732","0.07449959300774261","15","2.330364262679872"
"161","chr14:23570000-24590000","-0.8693907877391428","0.3846334201456625","11","1.8578016664316097"
"162","chr14:105520000-107280000","-2.5341493725975286","0.011272067075944858","18","2.4990394443348287"
"163","chr14:50050000-51010000","-1.1260730957708902","0.26013458086650953","11","1.8621037762896657"
"164","chr14:55890000-56940000","-1.1512791991550269","0.24961739175749853","12","1.9141236476726804"
"165","chr14:97450000-99820000","-0.6203631387126981","0.5350187349755166","25","1.9402316384884197"
"166","chr14:66820000-67810000","-1.4121066050672244","0.15791857422526479","11","2.2914275691206893"
"167","chr14:62640000-63740000","-0.19957713352133535","0.8418113127912918","12","1.6811475479003428"
"168","chr14:70240000-71320000","-0.7353476270261864","0.46212780929119646","12","1.8164702266624295"
"169","chr14:33040000-34260000","-0.6510672206766628","0.5150030952309698","13","1.858186570516801"
"170","chr14:91970000-93150000","-1.428006352982858","0.15329002994703428","13","1.9682424180606468"
"171","chr14:50050000-51320000","-1.8259673999606238","0.06785517252942408","14","2.2741203225292623"
"172","chr14:45870000-46810000","-1.042064153512708","0.29738193659397016","11","1.9120022369135898"
"173","chr14:58920000-59940000","-0.7894763534344025","0.42983364512919664","11","1.9359096584404716"
"174","chr14:63830000-64970000","-1.1484124089152052","0.2507983534399877","12","2.0932315544632605"
"175","chr14:96000000-96950000","-0.7804558582575799","0.43512260012263704","10","2.034293763893487"
"176","chr14:76140000-77140000","-0.869585724579866","0.3845268419075568","11","1.8739743576916577"
"177","chr14:102830000-103860000","-0.15753913690482027","0.8748199661738378","11","1.6011347341793585"
"178","chr14:79400000-80420000","-0.4211912187215505","0.673615456087667","11","1.6650613799502387"
"179","chr14:78300000-79310000","-0.6071008744065524","0.5437839699261497","11","1.7407049872503215"
"180","chr14:31930000-32980000","-1.1083246388442403","0.26772163831206197","11","1.9721509598291704"
"181","chr14:53870000-54820000","-0.5542521412166513","0.5794062986577486","11","1.6922271207927215"
"182","chr14:73490000-74520000","-0.6077823432392879","0.543331841396139","12","1.890127427742534"
"183","chr14:35030000-36280000","-0.5718335616905817","0.5674347377320423","13","1.729397521939111"
"184","chr14:68290000-69310000","-0.29290240076369245","0.7695967537516184","12","1.8601944494353417"
"185","chr14:89490000-90380000","-1.1534553628098685","0.2487235289080978","10","1.9852519970049407"
"186","chr15:41720000-43840000","-1.2526580535712646","0.21033017765832362","22","1.9507363397315434"
"187","chr15:74640000-76140000","-0.7391254180487185","0.4598308436073032","16","1.9149049709167576"
"188","chr15:76240000-77890000","-1.5139583111422843","0.13003641325699694","17","2.2888559862475324"
"189","chr15:66860000-68530000","-1.0960486672717056","0.27305747716481765","18","1.924057963748627"
"190","chr15:66860000-68140000","-0.8247846754363028","0.40949384843591263","14","1.8556168761852623"
"191","chr15:67160000-68520000","-1.039053833751484","0.29877970011607813","15","2.1736167644655846"
"192","chr15:27120000-28280000","-0.5581599726197681","0.5767351510096635","12","1.965788698761954"
"193","chr15:79580000-80530000","-0.6210102935225772","0.534592850478344","11","1.8472661396381982"
"194","chr15:58480000-59970000","-0.47607317037041547","0.6340222503428699","16","1.8834024101258138"
"195","chr15:72980000-74200000","-1.045384481380031","0.29584530614930815","13","2.175061220171685"
"196","chr15:46000000-47450000","-1.2000801756843356","0.2301082039416148","15","2.0080407049790328"
"197","chr15:68600000-69730000","-0.6252090221263118","0.5318338812520684","12","1.8304920946707912"
"198","chr15:39000000-40050000","-0.7128458376457569","0.47594115778691926","11","1.770870339213575"
"199","chr15:93610000-94650000","-0.1397698414981981","0.8888418423500096","11","1.5676914218807192"
"200","chr15:52160000-53040000","-0.8681165912235163","0.3853305092339705","10","1.9751035678464666"
"201","chr15:47470000-48380000","-0.7651597778890361","0.44417640746025766","10","1.8426167622383942"
"202","chr15:49510000-50450000","-0.6457100273375019","0.518467165436177","10","1.8933471112447722"
"203","chr15:53070000-54040000","-0.7836016554229743","0.433273884152942","11","1.7046002765963402"
"204","chr15:65690000-66820000","-1.0793750937383393","0.28042054921541837","13","1.9544214926678398"
"205","chr15:78190000-79070000","-0.22527347637345524","0.8217665321695179","10","1.6233343920010441"
"206","chr15:64450000-65440000","-0.7356064028734304","0.46197026483836623","11","1.8106077619770589"
"207","chr15:71110000-72020000","-0.9342096639623323","0.3501957516843224","10","1.7824777954983917"
"208","chr15:42420000-43640000","-1.3961194728025477","0.16267852080604084","13","2.047923209343958"
"209","chr15:64440000-65310000","-0.6452538111188828","0.5187627195803413","10","1.7456644479761056"
"210","chr15:56760000-57610000","-0.5028388266537511","0.6150775932321266","10","1.725575875719879"
"211","chr15:54240000-55450000","-1.8895321549979907","0.0588205583610727","13","2.305015989167437"
"212","chr15:69760000-70840000","-0.8421530188984873","0.3997023073549488","12","1.8067621395748719"
"213","chr15:95790000-96890000","-1.7290618219833775","0.08379803111073396","12","2.100391264167161"
"214","chr16:58810000-62200000","-1.0986333525036387","0.27192802377304637","34","1.9962219432922215"
"215","chr16:63380000-65230000","-0.7321295680054387","0.4640894881606388","20","1.9223954083097952"
"216","chr16:72130000-74150000","-1.8541279233730679","0.06372086068106918","21","2.280693691142137"
"217","chr16:19570000-20670000","-1.0450413533107992","0.29600385731983836","12","2.086259281761421"
"218","chr16:47180000-48210000","-0.6498310042667333","0.5158013895084893","12","1.841324931768989"
"219","chr16:5490000-6710000","-0.20013266939959945","0.8413768236997929","14","1.687231413156168"
"220","chr16:53560000-55450000","-0.2609715739505138","0.7941144285347947","20","1.8661565980886272"
"221","chr16:72130000-74300000","-1.951747638889899","0.05096817362671578","22","2.285371883129208"
"222","chr16:3190000-4460000","-0.6208103437836768","0.5347244166410974","14","2.015136828740554"
"223","chr16:74480000-75680000","-0.93423980663187","0.35018020632000013","13","1.907230761832759"
"224","chr16:88650000-90150000","-1.60931479519268","0.10754752556607348","16","2.530141030613386"
"225","chr16:82270000-83570000","-0.12818171850005902","0.898005167238451","14","1.6865336924608554"
"226","chr16:23660000-24520000","-0.6036263349282781","0.546092100052779","10","1.5620158750744222"
"227","chr16:25280000-27120000","-0.8153306214589302","0.4148830853262988","20","1.9330705665709542"
"228","chr16:12410000-13980000","-1.2993907917291239","0.19380985018850083","16","2.2077581183769617"
"229","chr16:6750000-8440000","-0.1489198962630182","0.8816168413278463","18","1.8470135869994126"
"230","chr16:9250000-10290000","-0.21818182997629124","0.8272874416428646","11","1.6236875422400368"
"231","chr16:65270000-66160000","-0.48226358322358714","0.6296187135620721","10","1.9027711649141787"
"232","chr16:74700000-75680000","-1.092032078820942","0.2748190014564966","10","1.8122680225059626"
"233","chr16:75810000-77210000","-1.3496151920832458","0.17713944848675167","15","2.176029840807106"
"234","chr16:46500000-48670000","-1.1864055788466097","0.23546216961467292","22","1.8929358205439137"
"235","chr16:62220000-63290000","-0.42824625442021097","0.6684718439133016","11","1.7582025120066311"
"236","chr16:48690000-49970000","-1.1521798437925843","0.2492471785841356","14","1.9751016541157855"
"237","chr16:34170000-35280000","-0.8547272899363905","0.3927021390029275","12","1.8211538550446724"
"238","chr16:57590000-58790000","-1.2107896261810511","0.22597604201902777","13","1.9985724068516892"
"239","chr16:50940000-52020000","-1.046699143995066","0.2952383586699482","12","1.963613717501044"
"240","chr16:75820000-76760000","-0.923441841152008","0.35577699552670417","10","1.9165747729981044"
"241","chr16:46510000-48240000","-1.2595251618330756","0.20784070771373986","18","1.8982450090611087"
"242","chr16:5710000-6700000","-0.47338890481613255","0.6359357441505027","10","1.6374323550015366"
"243","chr16:11040000-11950000","-1.6698325246654613","0.09495250339246651","10","2.068625048405205"
"244","chr16:77240000-78110000","-0.3419729389870998","0.7323712574131984","10","1.5629157063795325"
"245","chr16:740000-1980000","-1.273116634973285","0.2029766568334076","13","2.1750489476869532"
"246","chr16:2020000-3000000","-0.5815148141416686","0.5608935369158752","10","1.8237051495244725"
"247","chr16:56450000-57570000","-1.110474058719751","0.26679480058956195","12","2.021135245703834"
"248","chr16:83920000-85040000","-1.053232574756318","0.2922344123431573","12","1.891544575107699"
"249","chr16:86080000-87330000","-1.3705374189854835","0.1705192030115319","14","1.9736951973160815"
"250","chr16:68400000-69330000","-0.7124638795551539","0.47617757097302016","10","1.8408817730485032"
"251","chr16:12980000-13960000","-0.8003188727404208","0.4235260712539375","11","2.001406582610417"
"252","chr16:72130000-73240000","-0.9523438867317414","0.34092260738231206","12","2.0282396803720686"
"253","chr16:78480000-79640000","-0.2020812710263205","0.8398531893665866","13","1.70767133125247"
"254","chr16:72140000-73110000","-0.785926083056273","0.43191079273014776","11","1.9340072075407342"
"255","chr16:79650000-80510000","-0.9174571806269932","0.3589031210467284","10","2.0258382507490293"
"256","chr17:60700000-61690000","-0.306477779104279","0.7592408960712425","10","1.606923275716298"
"257","chr17:9730000-10650000","-0.47310376382326724","0.6361391516529251","10","1.8178132809277296"
"258","chr17:19890000-20890000","-0.5077848931770323","0.6116042052916821","11","1.6705072034739887"
"259","chr17:60430000-61690000","-0.9045112367242634","0.3657243787726706","13","2.0885840224216246"
"260","chr17:25310000-26660000","-0.9284666186092242","0.353165575760257","14","2.003861773289036"
"261","chr17:68630000-70550000","-1.1761940868146974","0.23951732689632466","20","1.9324812596966288"
"262","chr17:78050000-78990000","-0.27988747500159866","0.7795638368430693","10","1.6287918191879676"
"263","chr17:5400000-6900000","-1.2914131104313973","0.19656046689394024","15","2.0855995413752004"
"264","chr17:40020000-41390000","-1.3141604155452185","0.18879222642891524","14","2.0898719589131893"
"265","chr17:74740000-76070000","-0.8325688195619179","0.40508795024677813","14","2.134642623767371"
"266","chr17:38770000-39820000","-1.0639694023708148","0.287342560825244","12","1.8403863887419618"
"267","chr17:3750000-4840000","-0.5690993263837583","0.5692887354880822","12","1.819849513247815"
"268","chr17:57280000-58140000","-1.3197597451530496","0.1869152455738715","10","2.276938666862794"
"269","chr17:8250000-9480000","-0.5772914347819466","0.5637425987727254","13","2.0142558242921957"
"270","chr17:64190000-65050000","-0.9164805377746229","0.3594149107098744","10","1.8096348635003516"
"271","chr17:16780000-17990000","-0.7792470580995957","0.43583419447323124","13","1.8257585907971325"
"272","chr17:67550000-68590000","-0.5841847526378685","0.5590960186843901","11","1.66237800962091"
"273","chr17:53880000-54840000","-1.0220980619198745","0.30673449037718914","11","2.075121889389223"
"274","chr17:10800000-11840000","-0.5676722693845832","0.5702575245892374","11","1.7895819536066642"
"275","chr17:27900000-29070000","-1.0166428991310001","0.3093233385828308","12","1.787881297384668"
"276","chr17:12060000-12930000","-1.3876544347376436","0.1652422971662889","10","1.9907560779408557"
"277","chr17:5460000-6330000","-0.27935771918924357","0.7799703150870221","10","1.5667420991719223"
"278","chr17:63220000-64160000","-0.8519388595271226","0.394248027387481","10","1.9677741686209407"
"279","chr18:68270000-70250000","-1.1492614324121395","0.25044819617441894","21","1.8968136656008345"
"280","chr18:64870000-66430000","-0.3351315011734513","0.7375258909910609","17","1.7404590570319798"
"281","chr18:32800000-34260000","-0.7633462208377978","0.4452569436665923","15","1.7886877357344746"
"282","chr18:32570000-34400000","-0.7126822345354332","0.47604241214997645","19","1.913789403886371"
"283","chr18:70340000-71600000","-0.7958228035305036","0.4261350355374439","13","1.7957105442392116"
"284","chr18:57120000-58310000","-0.6169076177374658","0.5372956619355175","13","1.7907350394005679"
"285","chr18:32790000-34410000","-0.600855482195673","0.5479362464369752","18","1.795248804012938"
"286","chr18:20350000-21730000","-1.0475635437143274","0.2948397413237769","15","2.0061667534095666"
"287","chr18:2780000-3680000","-0.9378132462836222","0.34834039251758364","10","1.6891326839644005"
"288","chr18:6960000-8440000","-0.8977427991083275","0.36932268634858867","16","1.954308930590162"
"289","chr18:59840000-61120000","-1.0949844938885895","0.2735234297956197","14","2.2271375375820703"
"290","chr18:39620000-41040000","-1.198316523406342","0.23079381634552587","15","2.216430865826107"
"291","chr18:22080000-23470000","-0.9253379993184085","0.35479011857400766","15","1.7879046911845204"
"292","chr18:8580000-9780000","-1.6534063965900956","0.09824818191286827","13","2.4080480271161697"
"293","chr18:75770000-76740000","-0.5067754167709768","0.6123124071074364","11","1.6768317176446383"
"294","chr18:55850000-56820000","-1.0236142236949055","0.3060175242625143","11","1.8317910702878033"
"295","chr18:53020000-54250000","-0.6341878461333527","0.5259582383860294","13","1.839518367398088"
"296","chr18:47020000-47980000","-1.3829353093761814","0.16668470242186229","10","1.9797026977441852"
"297","chr18:31390000-32390000","-0.580605151242388","0.5615065997070676","11","1.7964263339875908"
"298","chr18:28560000-29720000","-0.679206026260006","0.49700732950199633","13","1.8613490540382767"
"299","chr18:18510000-20310000","-1.579291063869292","0.11426931060339135","19","2.3915593580242263"
"300","chr18:43690000-44540000","-1.0120097431679989","0.3115333949034472","10","1.9904390490271044"
"301","chr18:18530000-19530000","-1.0670879155557873","0.2859321382113802","11","1.8342303929283523"
"302","chr18:54380000-55220000","-0.5339412657151016","0.5933821707020243","10","1.5424245988763867"
"303","chr18:4070000-5060000","-0.43308908889137276","0.6649500492277189","11","1.6984199948900396"
"304","chr18:77110000-78010000","-0.84063981829351","0.40054974473225224","10","1.8633750592919527"
"305","chr19:52280000-54160000","-1.248309056801134","0.21191789876462974","20","2.3558355046490287"
"306","chr19:8740000-9920000","-0.7992657557707775","0.4241363307963124","13","2.0625478471877443"
"307","chr19:33080000-34650000","-0.7757695608122883","0.43788505962052016","17","1.9128958802796943"
"308","chr19:13230000-14630000","-1.3481631746262432","0.17760590599175752","15","2.223560099900528"
"309","chr19:15130000-16330000","-0.18932045221219004","0.8498416666295736","13","1.9117423526476474"
"310","chr19:14660000-16330000","-0.3748533162118027","0.7077695598822062","18","1.8486736498225422"
"311","chr19:14650000-16540000","-0.6908444713247912","0.48966328506527235","20","1.9614027083415757"
"312","chr19:36790000-38330000","-1.4703209055705664","0.1414748616607545","17","2.2361875653376186"
"313","chr19:15140000-16140000","-0.5108980109448259","0.6094224740425277","11","1.9356549428320957"
"314","chr19:14810000-16140000","-0.4128507455977467","0.6797159695842052","14","1.6351688839438143"
"315","chr19:13060000-14620000","-1.4472131821445486","0.1478372256690389","17","2.228956967150105"
"316","chr19:45390000-46210000","-0.6224819440288574","0.533625012866163","10","2.0054076207523"
"317","chr19:5970000-6920000","-0.3757540218442127","0.7070997722545704","11","1.5299374965911645"
"318","chr19:29960000-31150000","-1.3848631105789928","0.16609432877473718","13","2.0425354326717144"
"319","chr19:35530000-36590000","-0.8707019847016926","0.3839168945400203","11","2.027517572444136"
"320","chr19:18540000-19460000","-0.8296530413453428","0.4067349784948616","10","2.0223467413570595"
"321","chr19:31200000-32740000","-0.34707312817165226","0.7285363807790542","16","1.78349699638005"
"322","chr19:50660000-51610000","-0.7982596536907507","0.4247198261679147","11","1.7586548612605957"
"323","chr19:11710000-12780000","-0.35193562356307245","0.7248865423911621","11","1.8557927758190573"
"324","chr19:49130000-50360000","-0.37478531679325056","0.7078201351683887","13","1.6303555880565128"
"325","chr19:52340000-53470000","-0.6759742906796291","0.49905696818385803","12","1.8634508871592468"
"326","chr19:57740000-59100000","-1.489676592956638","0.13630929205599646","14","2.1702992427434653"
"327","chr19:1870000-2830000","-0.6716584991522219","0.5018011273149601","11","1.7646981698899866"
"328","chr19:33680000-34630000","-0.8915170103274714","0.3726518700453575","11","1.8114931756646406"
"329","chr1:71560000-72530000","-0.5051992924613949","0.6134188672224674","11","1.8147192441016373"
"330","chr1:208270000-209450000","-0.47970119591944854","0.6314398774073794","13","1.8484970457455383"
"331","chr1:216910000-218360000","-0.8718015701898183","0.38331663785976655","15","1.9596974468338924"
"332","chr1:14370000-15420000","-1.1839971375430782","0.23641419592438206","12","1.9444004192786082"
"333","chr1:17420000-19190000","-1.4152315902925796","0.15700060512608374","18","2.33276226870069"
"334","chr1:68990000-70220000","-0.5426673942382957","0.5873588276977116","14","1.750499393001157"
"335","chr1:149840000-151240000","-1.8304516502146821","0.06718243034702488","15","2.1244599542776097"
"336","chr1:95990000-97150000","-1.313020698871658","0.1891759734703149","13","2.1657638224476954"
"337","chr1:210010000-211420000","-0.9663184536624777","0.33388485481515673","15","2.020067655751294"
"338","chr1:165560000-166540000","-0.3213852586809278","0.7479184529493156","11","1.6375841640896462"
"339","chr1:210240000-211420000","-1.162313546683778","0.24510812594474685","13","1.808317431837263"
"340","chr1:163350000-165040000","-0.2205459095954856","0.8254460217575246","18","1.837901254755014"
"341","chr1:171550000-172530000","-0.783190853516915","0.43351504519069783","11","2.0279878600182437"
"342","chr1:160050000-161130000","-0.4746961442620835","0.6350035665694196","12","1.670789692115299"
"343","chr1:87580000-89060000","-1.397365190659504","0.16230378121049382","16","2.124194037923748"
"344","chr1:178260000-179600000","-0.5274844640952876","0.5978572023189361","14","1.796815414106443"
"345","chr1:89360000-90470000","-0.3423354538269328","0.73209845730942","12","1.727083167483538"
"346","chr1:8010000-8930000","-0.6132633656620817","0.5397022123883342","10","1.7703677091850678"
"347","chr1:172650000-173940000","-0.6873282867333051","0.491875877414529","14","1.8196447534300981"
"348","chr1:172680000-174040000","-0.958309831194042","0.33790654784301133","15","1.9197130276724905"
"349","chr1:178270000-179810000","-0.44185049529900533","0.6585973957735197","17","1.8902937497487469"
"350","chr1:106520000-107720000","-0.1535596200116561","0.8779569777744488","13","1.6577685199464802"
"351","chr1:221610000-222620000","-0.6738151394068049","0.5004288485360157","11","1.9760089082786774"
"352","chr1:231900000-233400000","-0.7984788532814641","0.4245926600048264","15","1.8042589295656501"
"353","chr1:230750000-231760000","-0.5854378196571092","0.5582533651143515","11","1.6933185912282576"
"354","chr1:49390000-50790000","-0.14230201926069194","0.8868414516192653","15","1.6042117262504254"
"355","chr1:57290000-58920000","-1.0626988014903118","0.2879185645641297","18","2.092555533981969"
"356","chr1:57290000-58790000","-0.9083069976417754","0.36371604644008726","16","1.9937497759179612"
"357","chr1:155150000-156300000","-1.1893822903499844","0.23428926650239246","12","1.973874163316831"
"358","chr1:236770000-237760000","-0.8750639278716545","0.38153912288383673","11","2.017143071162963"
"359","chr1:208170000-209720000","-1.0269149415430152","0.3044605180032206","17","1.964559914978211"
"360","chr1:175000000-176210000","-1.7500465046176767","0.08011028946670867","13","2.2089556132575465"
"361","chr1:176860000-177940000","-1.095771123737839","0.27317894836487877","12","1.883910563902132"
"362","chr1:228780000-229730000","-0.41980139422504786","0.6746305462991835","11","1.740053900787964"
"363","chr1:94400000-95530000","-0.5676725783000348","0.5702573147901644","12","1.809435502885293"
"364","chr1:41710000-42650000","-0.6636088276233526","0.5069407058724019","10","1.8232655804127669"
"365","chr1:227630000-228740000","-0.7422791690855866","0.45791821014938916","12","1.971749717631202"
"366","chr1:10550000-11860000","-0.4418957191052221","0.6585646685792854","14","1.8574659661129238"
"367","chr1:218430000-219980000","-1.3340235218623824","0.18219614786386817","16","2.0760687397239095"
"368","chr1:168300000-169360000","-0.5237780112452111","0.6004329489560523","11","1.7442974935413211"
"369","chr1:245250000-246650000","-0.5827255279199718","0.5600780853533044","15","1.9294807021736333"
"370","chr1:100210000-101350000","-1.6086995558997828","0.10768205296841958","12","2.2293369964816505"
"371","chr1:55750000-57180000","-2.8950226457963266","0.0037913118013192665","15","2.7503028243970817"
"372","chr1:115660000-116560000","-0.2937364396254361","0.7689593071713774","10","1.6091390560960666"
"373","chr1:85760000-86780000","-1.0948149066350046","0.2735977344457443","11","1.9773940961795644"
"374","chr1:217000000-217970000","-0.7481565132879802","0.4543657577362694","10","1.9296649320511097"
"375","chr1:50820000-51760000","-0.7700874661560632","0.44124801042623685","10","1.8767145603106425"
"376","chr1:6740000-7810000","-0.5458473464790221","0.585170874516669","12","1.7013497442560432"
"377","chr1:228780000-229630000","-0.36943919750128357","0.7118003857882735","10","1.7146560851284296"
"378","chr1:155160000-156040000","-1.219776009461132","0.22254979824610654","10","2.2102000968137343"
"379","chr1:34090000-35230000","-1.2118769596263372","0.22555948302470763","13","2.215458524188844"
"380","chr1:101980000-102930000","-0.4210828648348039","0.6736945735048481","11","1.7540270784885523"
"381","chr1:90530000-91660000","-1.7738379113322122","0.0760899652170148","12","2.2234851438797256"
"382","chr1:61390000-62360000","-0.9660612409885394","0.33401353762066865","11","1.776895733104222"
"383","chr1:97420000-98520000","-0.639593526230453","0.5224368923216015","12","1.71560774617468"
"384","chr1:169860000-170910000","-0.8187928074708739","0.41290463525944954","12","2.0972483657710232"
"385","chr1:213410000-214330000","-0.69529605891439","0.48686978359469313","10","1.7377265906652881"
"386","chr1:17800000-19170000","-0.8870346611234419","0.3750602396383259","14","1.8923590522908824"
"387","chr1:54300000-55340000","-0.38976689239034285","0.6967089274354155","11","1.725005335865784"
"388","chr1:115490000-116330000","-0.8839645662780052","0.3767153409708034","10","1.9928770210527942"
"389","chr1:74270000-75200000","-0.5579541251835527","0.5768757103997553","10","1.641678748220103"
"390","chr1:99210000-100160000","-0.399171866098115","0.6897665717219594","10","1.638152171550662"
"391","chr1:76590000-77590000","-0.9017848457216174","0.3671711714439967","11","1.8152491223208216"
"392","chr1:15850000-16820000","-0.623465279784577","0.5329788114879128","11","1.72264163561438"
"393","chr1:84360000-85240000","-0.5668309955521608","0.5708290098145433","10","1.8551318748328953"
"394","chr1:111400000-112320000","-0.7022933892705278","0.48249621508332297","10","1.7176252576291142"
"395","chr1:158130000-159070000","-0.5097267200283565","0.610242930644415","10","1.680844379653411"
"396","chr1:87590000-88460000","-0.7216972246338004","0.47048064880114415","10","1.8493279137557357"
"397","chr1:214860000-215720000","-0.6712578611562802","0.502056274064023","10","1.8518351997750906"
"398","chr1:32550000-33590000","-0.8594796528342405","0.39007594102669774","11","1.773426004513988"
"399","chr1:52500000-53660000","-0.7249509924055735","0.4684820962516524","12","1.722522831128968"
"400","chr1:243500000-244480000","-1.3860328295769373","0.16573687913400503","10","2.0474229840150198"
"401","chr1:59170000-60250000","-0.8818354395621786","0.3778658037765673","12","2.0708281662734036"
"402","chr1:118620000-119580000","-0.8470109523458377","0.39698901678400866","10","1.9153352269854165"
"403","chr1:35310000-36270000","-1.6765107234729983","0.0936381975351521","10","2.220284274174527"
"404","chr1:43650000-44520000","-1.1088425725916824","0.2674981012607782","10","2.082327502650661"
"405","chr1:36960000-37900000","-0.6836014707157184","0.49422685572794134","10","1.7943660865802586"
"406","chr1:9650000-10520000","-0.9050206954198048","0.3654544233890551","10","2.097184718594371"
"407","chr20:40570000-41710000","-0.7913466474396539","0.4287417344665432","13","2.0276831034617904"
"408","chr20:6100000-7890000","-2.931611597006663","0.0033720818790454903","18","2.5452034406332853"
"409","chr20:53310000-54800000","-1.1819576888419316","0.23722248983431538","15","1.9555803264447178"
"410","chr20:37720000-39580000","-0.8776060504376096","0.3801575446875658","19","1.933387324949478"
"411","chr20:37730000-39340000","-0.7687483700151562","0.442042704155468","17","1.8713432491422046"
"412","chr20:11600000-12810000","-0.22974734599946683","0.8182881020211237","13","1.72659858464817"
"413","chr20:58590000-60500000","-1.628751822691296","0.10336556730185527","20","2.372275811173962"
"414","chr20:30340000-31360000","-1.0814030724369001","0.2795178555530089","11","1.9845806186648287"
"415","chr20:40350000-41990000","-0.7010957218133808","0.483243280049531","17","1.8306422273501413"
"416","chr20:22290000-23320000","-0.18745077618829042","0.8513072144386107","12","1.7092450911469967"
"417","chr20:35800000-37050000","-1.2067083462520527","0.2275444836878734","13","1.9575524199026064"
"418","chr20:36180000-37040000","-0.7562832526769766","0.4494793869356638","10","1.7697002527475036"
"419","chr20:14290000-15220000","-0.39794948290851473","0.6906674236981099","11","1.789765323909775"
"420","chr20:18570000-19650000","-1.1845995719796523","0.23617580635124902","12","2.1768107073717218"
"421","chr20:10520000-11540000","-0.2863632916572903","0.7745998869521125","11","1.7648964747504707"
"422","chr20:46310000-47230000","-0.2867719597516574","0.774286934440076","10","1.5595968301916998"
"423","chr20:24080000-24920000","-0.2521255443052596","0.8009440261023556","10","1.621882891141186"
"424","chr20:10660000-11530000","-0.6051654473144754","0.5450690716346758","10","1.765158290886705"
"425","chr21:20130000-22180000","-0.6464801278321969","0.5179684626859933","21","1.9944202903592254"
"426","chr21:22360000-24190000","-0.3372271832969242","0.7359456469266148","19","1.7606525554241168"
"427","chr21:28140000-30130000","-0.26989870852668707","0.7872381807647688","21","1.8215571226759333"
"428","chr21:41330000-42470000","-0.6304207393221473","0.5284193453052931","12","1.6688259358348878"
"429","chr21:41110000-42470000","-0.32918794214858654","0.7420136362847933","14","1.6402674449405041"
"430","chr21:35020000-36010000","-0.44900254137618983","0.6534298233499081","11","1.7316769487885295"
"431","chr21:40890000-42490000","-0.2537639938561479","0.7996778917856705","17","1.8106097704835318"
"432","chr21:46360000-47380000","-0.947464310568918","0.3434022340617008","11","1.7514749924072688"
"433","chr21:33990000-34900000","-0.8669795230373414","0.3859532294213841","10","1.769734308449809"
"434","chr21:45750000-48100000","-1.9883913810504834","0.04676842128398453","24","2.4460289839912788"
"435","chr21:37490000-38330000","-0.6069054466188453","0.5439136633214026","10","1.857858050131104"
"436","chr21:31370000-32450000","-1.0781034765934872","0.2809875803127161","12","2.001506449039539"
"437","chr21:36060000-37410000","-1.543682410058451","0.12266528962532268","15","2.3809228472395696"
"438","chr22:18880000-19930000","-1.3014590702202493","0.19310136570142955","12","2.1082797041211174"
"439","chr22:33620000-35640000","-3.5707700899538404","0.00035593321942750905","21","2.558916138567663"
"440","chr22:29710000-31720000","-0.5990351355563059","0.5491494547103873","21","1.9223048917844594"
"441","chr22:25460000-26780000","-0.46363237392147655","0.6429111557610518","14","1.7229613984874574"
"442","chr22:42060000-43530000","-0.6236959726185282","0.5328272684974974","16","1.950520170304689"
"443","chr22:50150000-51230000","-0.5306787422768967","0.5956414193832803","12","1.6764474818022026"
"444","chr22:43590000-45150000","-0.710158979458194","0.4776055553119911","17","1.8135484902876409"
"445","chr22:42060000-43000000","-0.6408526134470836","0.5216184457448587","10","1.8058670442708642"
"446","chr22:27130000-28180000","-1.069640726231798","0.2847810560581443","11","2.016300654799249"
"447","chr22:36920000-37920000","-0.47698699855533333","0.633371379820502","11","1.6646976863533254"
"448","chr22:47600000-48900000","-0.532476448615354","0.5943960492560358","13","1.872465361914621"
"449","chr22:34530000-35620000","-0.7335093259674801","0.4632478418960678","12","1.8020386443561625"
"450","chrX:62470000-64740000","-0.5656506258767574","0.5716313055061504","24","2.0854518442486496"
"451","chrX:144430000-146910000","-0.7540636601763572","0.4508109968941214","26","1.9346136851007674"
"452","chrX:120770000-122170000","-0.3386973237490135","0.7348377569691241","15","1.795828196478578"
"453","chrX:22070000-23430000","-0.3873544669064175","0.6984938078294661","15","1.7997395671705134"
"454","chrX:43770000-45090000","-2.6441640116462564","0.008189296429049833","14","2.612714624727481"
"455","chrX:65990000-67310000","-0.4751732093870558","0.6346635208157083","15","1.7146999437031154"
"456","chrX:2800000-3740000","-0.5643328896825335","0.5725276020244421","10","1.7073680555904813"
"457","chrX:112310000-113330000","-0.019629799326144677","0.9843386919852184","11","1.5778863958442089"
"458","chrX:21970000-23650000","-0.08710352411700703","0.9305892241946965","18","1.644687599024119"
"459","chrX:137840000-139090000","-0.8133562441547796","0.4160138386163241","13","1.9985800639566096"
"460","chrX:33400000-34340000","-0.559546013964001","0.5757891371048749","10","1.8770744088228184"
"461","chrX:75490000-76640000","-0.9452952459419851","0.3445081648377555","13","1.7755890944792592"
"462","chrX:38500000-40390000","-0.6021829020724911","0.5470523955874929","19","1.822297758298501"
"463","chrX:20540000-21740000","-0.22997127440235932","0.8181140912213503","13","1.6154586545031036"
"464","chrX:20550000-21530000","-0.012224969195933678","0.9902461287753465","11","1.5597520143513186"
"465","chrX:32380000-33350000","-0.7170371748498544","0.47335115892666424","11","1.9365044181701316"
"466","chrX:14060000-15300000","-0.60279298596818","0.5466464134112501","13","1.752858511591315"
"467","chrX:64750000-65960000","-1.050515798171232","0.29348103139279214","13","1.9590824523835084"
"468","chrX:41630000-43420000","-1.0413124649990226","0.29773055342376264","19","1.928837008310267"
"469","chrX:106100000-107330000","-0.19202530691175385","0.8477223822488273","13","1.7690339061496514"
"470","chrX:45180000-46260000","-0.6262558986730073","0.531147107880848","12","1.9722408706154395"
"471","chrX:67710000-68610000","-0.5677821266014272","0.570182917684832","10","1.819091608360781"
"472","chrX:110940000-112190000","-0.28574192485901867","0.7750757914266014","13","1.6628267739788554"
"473","chrX:15690000-16720000","-1.0371752270373993","0.2996542011189104","12","1.9407653879883666"
"474","chrX:73790000-74870000","-0.42924251419803316","0.6677467466626079","12","1.6088617331668607"
"475","chrX:136290000-137140000","-0.565510665560793","0.5717264718966435","10","1.6914810807548322"
"476","chrX:18400000-19360000","-0.5722390152069098","0.567160059013325","10","1.75018116351685"
"477","chrX:8780000-9740000","-0.4275580383004757","0.6689729217360916","11","1.756538824042612"
"478","chrX:95930000-96970000","-0.4102613447961963","0.6816142448599768","11","1.7321462041536688"
"479","chrX:39110000-40380000","-0.8135253080423321","0.4159169422154829","13","1.8322766487120676"
"480","chrX:77790000-78700000","-0.5334663078127343","0.5937108277987826","10","1.6325787644489587"
"481","chr2:15770000-16690000","-1.097742018803344","0.2723171560924187","10","1.9680546495324713"
"482","chr2:103440000-105580000","-0.9550413976747413","0.33955676240667143","22","1.9333416436333632"
"483","chr2:228750000-230550000","-0.7085479312134397","0.47860505791789265","19","1.8906851454282174"
"484","chr2:129540000-130640000","-0.4758706051940017","0.634166564954687","12","1.8116529248603908"
"485","chr2:133010000-134410000","0.011879969166494543","0.9905213789785221","15","1.6851861072212615"
"486","chr2:66610000-68250000","-0.9725016188903683","0.33080105989550934","17","2.225978066250629"
"487","chr2:164140000-165280000","-0.5515566986265489","0.5812521105037631","12","1.7941093407072293"
"488","chr2:29050000-30300000","-1.3758083668780035","0.1688809703952383","13","2.2816700056667356"
"489","chr2:129440000-130620000","-0.8096189294891146","0.41815922516761983","13","1.9397232316906832"
"490","chr2:29150000-30300000","-1.3751464816902228","0.1690860363585881","12","2.2316670230342943"
"491","chr2:203240000-204730000","-0.878006283640674","0.379940308714268","16","2.105038210196505"
"492","chr2:129470000-130460000","-0.8849245308313041","0.3761973364760287","11","1.956618838651502"
"493","chr2:237170000-238320000","-0.46501466059722857","0.641920957844553","13","1.701274025058146"
"494","chr2:37310000-38990000","-1.380520874181247","0.16742632708724547","17","2.0611608657311487"
"495","chr2:172400000-173580000","-1.393899064714051","0.16334808677393808","12","2.1352546091657167"
"496","chr2:105940000-107200000","-1.0003496116219754","0.31714134588364107","13","2.068554748423177"
"497","chr2:133000000-134590000","-0.03547486609414777","0.9717010877084633","16","1.7113431061353452"
"498","chr2:164000000-165370000","-0.589180364107367","0.5557402878731357","14","1.9045695789368833"
"499","chr2:107240000-108430000","-0.2676233972131408","0.7889892193332679","13","1.7199592892741702"
"500","chr2:201720000-203120000","-1.167981302837723","0.24281430682892224","15","2.2176206447813334"
"501","chr2:166190000-167020000","-0.6648385649600629","0.5061537533408103","10","1.758281596657544"
"502","chr2:156810000-158090000","-0.7525556424320238","0.45171698140188254","13","1.8447331358397987"
"503","chr2:220570000-222840000","-1.1156950266338217","0.2645527001381137","24","1.9904194202039522"
"504","chr2:62660000-64100000","-1.443165348264981","0.14897389833193084","15","2.0302186254114787"
"505","chr2:170290000-171760000","-1.311677004196633","0.18962913890943556","16","2.1359160351560242"
"506","chr2:37360000-38760000","-1.1522284756245509","0.249227199224353","15","2.0719519285704946"
"507","chr2:226540000-227970000","-1.2768659740943782","0.20164956867097217","15","2.1721081086893803"
"508","chr2:34230000-35360000","-0.3568599623130725","0.7211966441981281","12","1.6945269708750743"
"509","chr2:129080000-130640000","-0.5907173077864751","0.5547098492192268","17","1.8502399720672655"
"510","chr2:118770000-120060000","-0.6847805545986676","0.49348240773758933","14","1.8389158625945854"
"511","chr2:137190000-138600000","-0.9725128107281192","0.33079549483283854","15","1.8185650586413753"
"512","chr2:199170000-200470000","-0.991712882159717","0.32133760514778664","14","1.927571182735154"
"513","chr2:204930000-206810000","-0.8988998544231478","0.3687060055360386","20","1.9017262650189113"
"514","chr2:207020000-208390000","-0.15053639746973102","0.8803414368745024","14","1.732866340115326"
"515","chr2:189380000-190290000","-1.0950228640123998","0.2735066198409648","10","1.7460166115909135"
"516","chr2:217550000-218590000","-0.9240211448304297","0.35547530687299955","11","2.0649369407302536"
"517","chr2:73450000-74820000","-0.3549014687924388","0.7226634080778852","15","1.7506351032426235"
"518","chr2:190510000-191690000","-0.9905039088272024","0.32192787954769186","12","2.1240776324224484"
"519","chr2:64200000-65270000","-0.5309083501598925","0.5954822910906306","11","1.5279529612556912"
"520","chr2:150450000-152100000","-0.32976652158206576","0.7415763855220291","17","1.8576581625936266"
"521","chr2:101930000-103110000","-1.2510619705418753","0.21091186888160107","13","1.880358934581039"
"522","chr2:239910000-240940000","-0.8293207469682685","0.4069229340725684","11","1.7380520462227296"
"523","chr2:191900000-193050000","-0.4240579894325693","0.6715235225068361","12","1.6552437566404312"
"524","chr2:44220000-45780000","-1.4228858170110263","0.1547692583753994","16","2.128719006941158"
"525","chr2:36060000-36990000","-0.33379476598698327","0.7385344332702745","10","1.5545741621031879"
"526","chr2:122700000-124250000","-1.2408297695424089","0.21466864137659425","16","2.00393303470367"
"527","chr2:173800000-175260000","-1.8408882660746588","0.06563793428620804","15","2.2273382802718693"
"528","chr2:170790000-171750000","-0.838248327878531","0.4018912498116508","11","1.9473754702399513"
"529","chr2:219040000-220250000","-0.692314697631685","0.48873972202677907","13","1.8152346770075338"
"530","chr2:241780000-243080000","-1.5349768560728514","0.12478951312467595","14","2.0326379819717646"
"531","chr2:84650000-85540000","-1.076875025588919","0.2815361017833451","10","2.199825803844974"
"532","chr2:180960000-181830000","-0.9664624605802843","0.33381282250804667","10","2.033736588283352"
"533","chr2:190510000-191860000","-1.4676837003437941","0.14219016028304035","14","2.021774985169666"
"534","chr2:197610000-198640000","-0.90556431879131","0.36516650183573873","11","1.9388711017350553"
"535","chr2:226580000-227680000","-0.7239381918298758","0.469103681622021","12","1.907041110649304"
"536","chr2:62660000-63800000","-1.6103393997109563","0.1073237823457605","12","2.119701649236357"
"537","chr2:9280000-10840000","-1.2483865363935351","0.21188953713634973","17","2.08047226505927"
"538","chr2:160920000-161900000","-0.37333326306258147","0.708900422783441","10","1.6426309900896976"
"539","chr2:60970000-62110000","-1.2174421348135274","0.22343604004703033","13","2.299119616537891"
"540","chr2:44220000-45190000","-0.17458123137205886","0.861408697277527","10","1.5285320644233231"
"541","chr2:71750000-72970000","-0.3973215850394197","0.6911303320771209","13","1.822550194520669"
"542","chr2:212580000-213440000","-0.8275892779950659","0.4079031424694868","10","1.7404880749625318"
"543","chr2:68290000-69180000","-0.6195238051306687","0.5355713446377252","10","1.8713426910219908"
"544","chr2:21630000-22510000","-0.5450212594049175","0.5857388961600414","10","1.7246539671235614"
"545","chr2:155260000-156170000","-1.0146213427774284","0.3102863616028164","10","1.9859009822494627"
"546","chr2:13190000-14680000","-3.061336404259828","0.0022035136995659874","16","2.5083327602486634"
"547","chr2:134620000-135670000","-0.23056425652686577","0.8176533386091682","11","1.8486683948734886"
"548","chr2:7220000-8910000","-2.335627103988145","0.01951068470403106","18","2.7219444456636577"
"549","chr2:9540000-10830000","-0.7085714054663209","0.47859048617195565","14","1.8896316859940854"
"550","chr2:127830000-128990000","-1.0829358599668184","0.2788368935157556","12","1.9590552363172613"
"551","chr2:45830000-47130000","-1.195391445256977","0.23193412647599632","14","1.9049249560226964"
"552","chr2:69580000-70520000","-0.5599593007790513","0.5755071986102127","11","1.6951773727848942"
"553","chr2:147770000-148670000","-0.7819747428808552","0.43422941712810337","10","1.923707875318743"
"554","chr2:32960000-33830000","-1.0472257497106647","0.2949954718516088","10","1.8373064846187805"
"555","chr2:11930000-13150000","-0.6716985938721118","0.5017755967269151","13","1.6985933125779138"
"556","chr2:144240000-145380000","-0.705762047511562","0.48033612759330235","12","1.8501281630215856"
"557","chr2:203230000-204320000","-0.42647928057342815","0.6697586425614318","12","1.6688665850540036"
"558","chr2:700000-1780000","-0.883872953700972","0.3767647988324052","11","1.8272468441774787"
"559","chr2:230630000-231670000","-0.6857237586876942","0.4928873216660786","11","1.9182256689823796"
"560","chr2:75940000-76860000","-0.9233085577607362","0.3558464294384871","10","1.9133327194012963"
"561","chr2:138630000-139580000","-1.1154672475529772","0.2646502461542195","10","2.022257776507675"
"562","chr2:202090000-203100000","-1.034480264063417","0.30091169854442645","11","2.086107622658359"
"563","chr2:235460000-236560000","-0.537852555204142","0.5906788455423914","12","1.7485076209915889"
"564","chr2:46200000-47130000","-0.8590359778417463","0.39032066695982504","10","1.8417350961111478"
"565","chr2:221530000-222450000","0.05921447270643686","0.9527812823174133","10","1.6626520381379317"
"566","chr3:79540000-81280000","-0.13371103540542373","0.8936310785376842","18","1.6332437043367636"
"567","chr3:165570000-167060000","-0.07193052248870406","0.9426571995230245","16","1.6179259346263213"
"568","chr3:20380000-22010000","-0.6900659563894137","0.4901527107388247","18","1.8827804370291268"
"569","chr3:84510000-85670000","-0.10355312148679993","0.917523991208589","12","1.77385936060959"
"570","chr3:57090000-58470000","-0.34318226727065826","0.731461344192242","15","1.888793412686459"
"571","chr3:77470000-78680000","-0.11602597831565883","0.9076319531180553","13","1.7323010467590676"
"572","chr3:185440000-186490000","-0.962167622082046","0.3359654104161097","11","1.8992964320348684"
"573","chr3:155680000-156950000","-0.9809512680939901","0.32661677354462193","14","2.160571602202724"
"574","chr3:64520000-65630000","-0.8366938494295362","0.4027646772629109","12","2.076852853692228"
"575","chr3:103930000-105080000","-1.1313312439374228","0.25791569862556474","12","2.116787488283822"
"576","chr3:74210000-75190000","-0.24056566264574925","0.8098917659129075","10","1.5407811864312047"
"577","chr3:56620000-58280000","-0.8277549709530367","0.40780928057455845","17","1.9486302490593173"
"578","chr3:132400000-133650000","-0.7480580262759953","0.4544251581436789","13","1.8979798612131868"
"579","chr3:102360000-103500000","0.10738831645730301","0.9144809230220838","12","1.4568509050819614"
"580","chr3:134310000-135290000","-1.1033608309599323","0.26987049937543917","10","1.9440064628807967"
"581","chr3:186930000-188870000","-0.5750342191711656","0.5652681544573127","20","1.8085468712940964"
"582","chr3:64510000-65730000","-0.4533018350756644","0.6503314116083981","13","1.8057816034532137"
"583","chr3:169480000-170580000","-1.3497021486523564","0.17711154286478392","12","2.175655964656179"
"584","chr3:132420000-133830000","-0.5700574899013373","0.5686387062849249","15","1.8499789429318831"
"585","chr3:56630000-58150000","-1.021038227800913","0.3072363274924329","16","1.9622245185529494"
"586","chr3:16600000-17900000","-0.7717909176150911","0.4402382718697485","13","2.010927493514334"
"587","chr3:147030000-148270000","-0.6317102276543417","0.5275762436313389","13","1.9347559652482045"
"588","chr3:188930000-190180000","-1.7072054002969526","0.08778388164308519","13","2.138741138193761"
"589","chr3:107230000-108300000","-0.9976474913081352","0.3184503234647845","11","1.8697295889131351"
"590","chr3:54790000-56520000","-0.774148535298803","0.43884295838781107","19","1.8183637951447384"
"591","chr3:113840000-115550000","-1.5915327201634997","0.11148973779381247","18","2.5993216918535427"
"592","chr3:190780000-192170000","-0.6380361071509929","0.5234501761960497","15","1.8188568996616579"
"593","chr3:170610000-172470000","-0.9130666093370058","0.361207510361093","19","1.9225308683607594"
"594","chr3:57080000-58280000","-0.6127966310203111","0.5400108187732083","13","2.003542472399519"
"595","chr3:19070000-20230000","-1.5835468337651775","0.11329688089080989","13","2.1263324025426553"
"596","chr3:154040000-155450000","-1.3758743152883952","0.16886054841618903","15","2.3733108957244453"
"597","chr3:151640000-152670000","-1.102377387317099","0.27029763810483176","11","1.8873642145392138"
"598","chr3:55440000-56340000","-0.29612907324566995","0.7671315119259862","10","1.6572885440947285"
"599","chr3:50400000-51960000","-1.6249849512275216","0.10416576540996074","16","2.1257289658149734"
"600","chr3:132430000-133380000","-0.70382484435963","0.4815418596839235","10","1.8524135541946278"
"601","chr3:1050000-2090000","-0.31303685001725334","0.7542526657908222","11","1.7789445041557077"
"602","chr3:16300000-17290000","-0.8214716367481607","0.41137767350328613","10","1.955636538161497"
"603","chr3:100020000-101390000","-0.6562446391732988","0.5116667313931957","14","1.7670459282220856"
"604","chr3:134300000-135640000","-1.3884201324115788","0.16500914942626432","14","2.23710322287319"
"605","chr3:51980000-53290000","-1.0488903352038368","0.29422859422011516","14","1.9398652441190212"
"606","chr3:171560000-172410000","-0.5366988305007135","0.591475664009738","10","1.7332430047669556"
"607","chr3:42930000-44330000","-0.49577969345402967","0.6200498533450368","15","1.8603407133880117"
"608","chr3:66980000-67910000","-0.5841293872542612","0.5591332646435461","11","1.8283939433675012"
"609","chr3:191130000-192170000","-0.452047773662985","0.6512345664825703","11","1.7552344668670292"
"610","chr3:139130000-140630000","-0.24407242517368039","0.8071747283359489","16","1.645703610995416"
"611","chr3:174620000-175670000","-1.180610282821244","0.23775757681080922","11","1.8358051406662697"
"612","chr3:121220000-122420000","-0.6584790138017869","0.5102303778728756","13","2.0191290688174566"
"613","chr3:137890000-139100000","-0.30273066835583645","0.7620951238493053","13","1.7043028130400555"
"614","chr3:158540000-159520000","-0.9224123818221206","0.35631351369995445","11","2.0262597160410825"
"615","chr3:40360000-41920000","-0.29390408291456654","0.7688311981134288","17","1.979575277958869"
"616","chr3:4350000-5240000","-0.5567002939421668","0.5777322160621499","10","1.6452206675699008"
"617","chr3:70570000-71720000","-0.8656862313304503","0.38666225263047493","13","1.793753870369652"
"618","chr3:187430000-188760000","-0.787254904998262","0.43113266212155765","14","1.9471770081504098"
"619","chr3:154040000-155050000","-1.516856616621025","0.1293028889482083","11","2.359633892947341"
"620","chr3:182550000-183580000","-1.636462972795048","0.10174272898640978","11","2.216428995329257"
"621","chr3:28830000-29990000","-0.47000949842900547","0.6383482314214781","12","1.6737614230674194"
"622","chr3:58600000-59880000","-0.5299315090967358","0.5961594188223562","13","1.9599535245908406"
"623","chr3:152710000-153740000","-1.2563782482265184","0.2089788641664454","11","2.198825597070062"
"624","chr3:81510000-82570000","-0.8623528005957642","0.3884934053910082","11","1.852592740714722"
"625","chr3:192210000-193290000","-0.5954365503723287","0.5515516997612053","11","1.7708546013559159"
"626","chr3:87300000-88230000","-0.3983865920287678","0.6903452397613437","10","1.6368927268636382"
"627","chr3:130750000-131940000","-0.7283329189148473","0.4664098157824099","13","1.9215668917600104"
"628","chr3:71890000-72890000","-0.3339933169049422","0.7383846017280267","11","1.6560902687176857"
"629","chr3:88250000-89170000","-0.29706776024552417","0.766414777487283","10","1.6467757230709412"
"630","chr3:5260000-6900000","-1.010064581272227","0.3124643500222959","17","2.045771819136861"
"631","chr3:23010000-23990000","-0.3735361083534454","0.7087494762806106","10","1.5810782792337126"
"632","chr3:96580000-97440000","-0.5892711051304157","0.5556794249172049","10","1.780412456875042"
"633","chr3:136790000-137690000","-0.9486904517155994","0.3427780717069828","10","1.9200632847541883"
"634","chr3:181400000-182400000","-0.9338279615635583","0.3503926434804222","10","1.8339122305830666"
"635","chr3:116480000-117440000","-1.221630184534672","0.22184750863955782","11","1.9842176046466005"
"636","chr3:3240000-4320000","-0.7097823332783282","0.47783912622098756","12","1.8856595160397887"
"637","chr3:123350000-124270000","-0.3067310917944953","0.7590480619854041","10","1.6598395715353291"
"638","chr3:160280000-161160000","-0.34367327764092026","0.7310920097543503","10","1.6994988277303882"
"639","chr3:139650000-140610000","-0.6128184485897606","0.5399963909618225","11","1.7788788107054505"
"640","chr3:179470000-180320000","-0.49620435854966316","0.6197502362094865","10","1.756570962896722"
"641","chr3:105370000-106340000","-1.1833135770467316","0.23668489392608605","11","2.085125383855176"
"642","chr3:126360000-127260000","-1.3199476107694552","0.18685250999808045","10","2.2759617970773602"
"643","chr3:135770000-136740000","-0.7409424396939185","0.4587283415668001","11","1.9272876799129557"
"644","chr4:44730000-46690000","-0.2446554738557039","0.8067232070802979","20","1.7475182197853667"
"645","chr4:18680000-20250000","-0.5416376315190927","0.5880681624963399","17","1.777961436589274"
"646","chr4:171890000-173080000","-0.6871435827212768","0.4919922522870812","13","2.029668195341842"
"647","chr4:187210000-190910000","-0.7853384785971365","0.43225514102648654","38","2.179682460880429"
"648","chr4:4380000-5950000","-0.9744282322324781","0.32984395723963467","17","1.9394193840255274"
"649","chr4:120990000-122270000","-0.5397881173532592","0.5893431626915868","14","1.8367852427427536"
"650","chr4:171880000-172900000","-1.0436413205210269","0.2966513679284256","11","1.9419636063536418"
"651","chr4:115970000-117080000","-1.0209439078063223","0.30728101484253034","12","1.8236781117570648"
"652","chr4:25840000-27040000","-0.07285489092392305","0.9419215903288513","13","1.6123254172321198"
"653","chr4:123960000-125220000","-0.9530179725883412","0.3405809646136031","14","2.1926328562466644"
"654","chr4:148950000-150200000","-0.41522561341510034","0.6779767501254079","13","1.716680525868266"
"655","chr4:162150000-163090000","-0.8697712539710339","0.3844254238029029","10","1.8741324701101898"
"656","chr4:104900000-106660000","-0.6127376500867","0.5400498234320136","18","1.8229302074509952"
"657","chr4:13630000-15210000","-2.038366657079113","0.041513278230962986","17","2.531480226972649"
"658","chr4:22930000-24430000","-0.7114378895414918","0.47681292660159924","16","1.8579068532546201"
"659","chr4:90100000-91220000","-0.561397428119674","0.5745266369183568","12","1.803390880399662"
"660","chr4:24460000-25380000","-0.8060382579220408","0.4202207899854571","10","2.0750061705302527"
"661","chr4:140490000-141830000","-1.1014264821964737","0.2707110849708545","15","2.1680730391726026"
"662","chr4:21780000-22760000","-1.269140726439509","0.20439087702159286","11","1.9569045611332943"
"663","chr4:70510000-71420000","-0.8438469556225044","0.3987549326932738","10","1.813796803654148"
"664","chr4:74140000-75010000","-0.9199461518099084","0.3576008995145997","10","1.9113685885068876"
"665","chr4:52680000-55160000","-2.346864089983372","0.018932159166601983","26","2.5637248359944866"
"666","chr4:85980000-86980000","-0.8503392695725607","0.3951364898169556","11","1.8128718568092825"
"667","chr4:122740000-123860000","-0.8336108032403061","0.40450033589110024","12","1.9121919213191207"
"668","chr4:84570000-85460000","-0.1073032783960034","0.9145483837772065","10","1.571368901346449"
"669","chr4:121000000-122030000","-0.3168863603213746","0.7513298319728532","11","1.628284102478758"
"670","chr4:78850000-79850000","-1.7261340966162906","0.0843232909525539","11","2.0302549870049447"
"671","chr4:36350000-37410000","-0.9441893134594741","0.3450729151950548","12","1.8567951042642008"
"672","chr4:125290000-126200000","-0.531401443057014","0.5951406217371996","10","1.7476618386547438"
"673","chr4:129080000-130050000","-0.7449022110843896","0.4563308383781538","11","1.9212500095795577"
"674","chr4:17510000-18610000","-0.9448009441729184","0.3447605097609622","12","2.1985801691811657"
"675","chr4:41940000-42890000","-1.1990089164166404","0.23052447857986214","10","2.122147360544986"
"676","chr4:16280000-17470000","-1.0713045795772045","0.2840325013454763","13","2.143337714393032"
"677","chr4:156880000-157980000","-0.6135320668229522","0.5395245864085786","12","1.889057776209402"
"678","chr4:10560000-11470000","-0.008323566542610896","0.9933588314502316","10","1.5933762473466817"
"679","chr4:112980000-113890000","-0.8125183972741641","0.4164942344691843","10","1.99040065213702"
"680","chr4:138920000-139840000","-1.1961843159682692","0.23162463996691207","10","1.9588265318267675"
"681","chr4:167080000-167930000","-0.7721739972997339","0.4400113800794714","10","1.8408744379029707"
"682","chr4:77070000-78140000","-0.4298125554359443","0.6673319989598667","12","1.6643447491413732"
"683","chr4:152030000-153280000","-0.3053555921586681","0.7600953399139467","13","1.7706605218385771"
"684","chr4:53870000-55130000","-1.2564027074737318","0.2089700005178562","14","2.078199384980053"
"685","chr4:145070000-146000000","-0.8335410756271628","0.4045396420269253","10","1.9650106740760083"
"686","chr4:53870000-54770000","-1.39220134205215","0.16386143650356388","10","1.9032201800102415"
"687","chr4:7140000-8100000","-1.1215414177265892","0.2620574718945109","10","1.9198260126044677"
"688","chr4:4990000-5840000","-0.16390210919648657","0.8698082066577345","10","1.4883551067313359"
"689","chr5:2090000-4840000","-0.7015284148887874","0.48297330812276096","29","1.9244794998690242"
"690","chr5:98430000-99740000","-0.6700470947165643","0.50282776899388","14","1.8835363293076617"
"691","chr5:165010000-166540000","-1.0164852365080517","0.30939837434641226","16","2.34871963201524"
"692","chr5:116760000-118180000","-1.2018642862343483","0.2294161133671766","15","2.2470758847049392"
"693","chr5:147300000-148560000","-0.8204217423204746","0.41197572495618573","13","1.8019860918821626"
"694","chr5:122990000-125020000","-1.4895014378693965","0.13635537499181832","22","2.301976504485946"
"695","chr5:116870000-118180000","-0.934677097032811","0.34995473344697925","14","2.07246753956563"
"696","chr5:121780000-122710000","-0.6864869703099006","0.49240607801296066","11","1.672075760836671"
"697","chr5:72870000-73980000","-1.0515385939406774","0.29301129358858435","12","2.0158522184225944"
"698","chr5:121510000-122740000","-0.6071626784789721","0.5437429575692406","13","1.7477669194344232"
"699","chr5:15070000-16440000","-1.2434509284931188","0.21370171309580255","15","2.0453770029304215"
"700","chr5:147230000-148660000","-0.48623392738813387","0.6268013191279231","15","1.8312076352489663"
"701","chr5:120140000-121280000","-0.3300215751264909","0.7413836599819592","12","1.7287646433733286"
"702","chr5:158640000-159810000","-1.3895037507561088","0.16467962117352397","13","2.0476453584757213"
"703","chr5:141030000-142080000","-0.28561162269509327","0.775175600503335","11","1.6272707593210556"
"704","chr5:121780000-122970000","-0.7861490374815302","0.43178017845659356","13","1.9637462234192504"
"705","chr5:157430000-158570000","-0.8188918003042079","0.4128481485858493","12","1.9983525058910996"
"706","chr5:125670000-126840000","-0.7636346659762198","0.44508498489917814","13","1.975039839526256"
"707","chr5:39570000-40750000","-0.1409015424123398","0.8879477236364675","13","1.692591858852699"
"708","chr5:143580000-145010000","-0.42297521481819883","0.6723133444756746","16","1.8273901698618193"
"709","chr5:149820000-151150000","-0.9703185815637149","0.33188771799302885","14","2.0390108109441796"
"710","chr5:155320000-156560000","-0.48860323106874165","0.6251226250783724","13","1.7302535816033686"
"711","chr5:112960000-114410000","-0.41461514700318486","0.678423657987478","16","1.839342282593129"
"712","chr5:96530000-98170000","-2.0512531850526354","0.04024229693658237","17","2.2718183455025214"
"713","chr5:13960000-15020000","-0.5147794406762611","0.606707153585108","12","1.7963786966713042"
"714","chr5:5430000-6750000","-0.9248254708863438","0.3550566991972629","14","2.1249454619828754"
"715","chr5:101900000-102840000","-0.8230903803540301","0.4104565987863157","10","1.7255873992912598"
"716","chr5:173810000-174870000","-0.47428127592515945","0.6352993418809076","11","1.697335176112454"
"717","chr5:151900000-153340000","-0.13764879101435293","0.8905179928639947","15","1.745496808895598"
"718","chr5:55530000-56570000","-0.8697414623448233","0.3844417080456961","11","2.078974551272339"
"719","chr5:129240000-130460000","-0.9771435309793054","0.3284980994490533","13","1.9352262931840993"
"720","chr5:143580000-144750000","-0.29651317344826816","0.7668382081058733","13","1.6081314976815977"
"721","chr5:94950000-96020000","-0.243083335883005","0.8079408401484529","12","1.5359278898203657"
"722","chr5:142290000-143360000","-0.9476700855238885","0.3432974344601589","12","2.012426497188064"
"723","chr5:87030000-87980000","-1.0225433160083945","0.3065238222671641","10","1.85731677368454"
"724","chr5:153350000-154330000","-0.8618604096173013","0.3887643373777796","11","2.0359532422170448"
"725","chr5:56590000-57760000","-0.41005475957211146","0.6817657783818076","13","1.8577747652703684"
"726","chr5:161520000-162850000","-1.7883394382077995","0.07372126068900585","14","2.182444533646062"
"727","chr5:125930000-126830000","-0.524421612216223","0.5999853277948558","10","1.7075786455420685"
"728","chr5:171870000-172760000","-0.40892809919758516","0.682592427318753","10","1.8649420593894015"
"729","chr5:177670000-178930000","-0.812857565520342","0.4162997263212552","14","1.8317229035873852"
"730","chr5:52440000-53530000","-0.24697192897299536","0.8049299486810192","12","1.7062640355666716"
"731","chr5:107780000-108820000","-1.5662734887196201","0.11728460475125477","12","2.0755305506830215"
"732","chr5:15090000-16050000","-0.7778003815011806","0.43668670301222856","11","1.8054839068960202"
"733","chr5:76140000-77580000","-1.318334541305507","0.18739168288833452","15","2.1901788402070688"
"734","chr5:159860000-161100000","-1.1761407292137607","0.2395386446493769","13","1.994996536283134"
"735","chr5:76370000-77580000","-1.275224915216078","0.202229645001602","13","2.0545526475733222"
"736","chr5:35030000-35950000","-0.7495459885907291","0.45352819096381025","10","1.5722615216074598"
"737","chr5:162950000-163950000","-0.56519165914888","0.5719434093066327","11","1.9088673061754016"
"738","chr5:81610000-82870000","-0.6046586757939291","0.5454058111202862","13","1.8215690516186394"
"739","chr5:133340000-134240000","-0.7108486835189385","0.477178008664921","10","1.741903685394003"
"740","chr5:115430000-116330000","-0.9198366726283901","0.35765811605075326","10","1.9263832563001502"
"741","chr5:6860000-7840000","-1.0757740243188612","0.2820283320871446","11","1.8405975045798715"
"742","chr5:148710000-149760000","-0.32900873174134315","0.7421490881533296","11","1.5977962356885487"
"743","chr5:88010000-89690000","-1.9438602660443869","0.05191230389869595","17","2.2700890813206334"
"744","chr5:123730000-124830000","-1.5333468728217938","0.12519041131370232","12","2.2462853328411643"
"745","chr5:66520000-67550000","-0.5640764891017516","0.5727020778453493","11","1.7200192586030814"
"746","chr5:168080000-169000000","-0.16187483503537686","0.8714044201647768","10","1.5801805319139024"
"747","chr6:117630000-119170000","-1.4050614854995274","0.16000299558919984","16","2.290401800822899"
"748","chr6:53940000-55060000","-1.2768998937899232","0.2016375916551012","12","1.9528200951333563"
"749","chr6:47800000-49370000","-1.7478790507857553","0.08048497311289066","16","2.2461496654315423"
"750","chr6:20180000-21590000","-1.1851061911463137","0.2359754635216701","15","2.0193221467384066"
"751","chr6:142790000-143780000","-0.529368806561918","0.5965496327511841","11","1.7427361139868012"
"752","chr6:33560000-35230000","-0.9974610289986781","0.31854078100040906","18","1.9274771668575128"
"753","chr6:33430000-35240000","-1.1470603481553143","0.25135668024921576","19","1.9127784899369185"
"754","chr6:136910000-138360000","-1.5953069760006442","0.11064360639296673","15","2.3726579443802547"
"755","chr6:56200000-57200000","-1.4738895188161896","0.14051134021916215","10","2.09467318055078"
"756","chr6:148840000-149860000","-0.9011982681984587","0.36748291158821733","11","1.8998082908509109"
"757","chr6:124070000-125170000","-0.47675435809058675","0.6335370501779835","12","1.8543065805109338"
"758","chr6:140330000-141950000","-0.7342468490520264","0.46279830519373677","17","1.7874582693973156"
"759","chr6:100300000-101270000","-1.1615313938965013","0.2454258638496125","10","2.021945933069185"
"760","chr6:38850000-41010000","-2.0318452704140575","0.04216932257453786","23","2.642343763384835"
"761","chr6:150130000-151700000","-1.1442138584390673","0.25253495715655294","16","2.038512767762625"
"762","chr6:13830000-15640000","-2.1939131063890236","0.028241656984283933","19","2.336038185234574"
"763","chr6:53810000-55080000","-1.013543952897087","0.31080041310433404","13","1.9195839326913422"
"764","chr6:8950000-10440000","-0.5344280222184838","0.5930454357836838","16","1.9096109042578648"
"765","chr6:18590000-20060000","-0.4408380948355271","0.6593302125494718","16","1.9798890019341528"
"766","chr6:158580000-159560000","-0.6948713468726074","0.48713593074620476","11","1.649702726976193"
"767","chr6:137270000-138350000","-1.1305445058827313","0.25824685601820363","12","1.9297031925934751"
"768","chr6:87770000-89660000","-2.110371886011279","0.03482633609981591","20","2.3583260672668263"
"769","chr6:96940000-97860000","-0.5412374576071882","0.5883439223985771","10","1.6849080860576866"
"770","chr6:133240000-134220000","-0.5938434082553569","0.5526168527782969","11","1.9170509383680838"
"771","chr6:153330000-154400000","-0.7075566167876728","0.47922064189952374","11","1.8117256738327052"
"772","chr6:74440000-75930000","-0.356156822102747","0.7217231255069536","16","1.7609795955795868"
"773","chr6:5110000-6580000","-0.9666754741303688","0.333706291442061","15","2.053186122348227"
"774","chr6:50760000-51910000","-0.7239854372877476","0.469074675560896","13","1.841475313778752"
"775","chr6:86410000-87690000","-0.40890186477207363","0.6826116804828365","13","1.6309265147976126"
"776","chr6:126310000-127470000","-1.1558499419691193","0.24774254100219884","12","2.1480776362251968"
"777","chr6:55130000-56150000","-0.8979828812176095","0.3691946760403416","11","1.786526596869559"
"778","chr6:23010000-24260000","-0.789739875723291","0.42967969847960386","13","1.9044830668418649"
"779","chr6:14160000-15630000","-2.4941427130228626","0.012626176796061874","16","2.4475273694144484"
"780","chr6:84980000-86030000","-1.4218853775039226","0.15505952879965662","12","2.028973396066429"
"781","chr6:25150000-26010000","-0.917416128217612","0.3589246244920089","10","1.815441295135359"
"782","chr6:37280000-38740000","-1.4623551544051074","0.14364391175319835","16","2.2732148140794517"
"783","chr6:88520000-89630000","-1.865167121773054","0.062157982506599686","12","2.0576004060744744"
"784","chr6:144860000-146040000","-0.29605608357660684","0.7671872515430009","13","1.6389464557236006"
"785","chr6:150190000-151180000","-0.3512166929171614","0.7254257877210964","11","1.6514572717864584"
"786","chr6:5410000-6580000","-1.7980128779934228","0.07217496702673136","12","2.3079621137521578"
"787","chr6:75060000-75920000","-0.37665086140841875","0.7064330847228821","10","1.7354143317787563"
"788","chr6:44420000-45910000","-1.2114870726321467","0.22570878619442813","16","2.0640435265945642"
"789","chr6:151820000-152710000","-0.5628163678366841","0.5735599335429697","10","1.8214142008546992"
"790","chr6:11580000-12620000","-1.061778885225806","0.28833607753876167","12","2.1377753327890354"
"791","chr6:108280000-109410000","-0.5053140405456206","0.6133382827766446","13","1.966052124008568"
"792","chr6:1560000-2720000","-0.1679718083092491","0.8666054576441353","13","1.6637192204711755"
"793","chr6:30410000-31450000","-1.1332428830815355","0.25711227025305283","11","2.0508874350037187"
"794","chr6:109810000-110760000","-0.5544923203028554","0.5792419600142606","10","1.872520105229044"
"795","chr6:34130000-35220000","-1.1383743416810204","0.25496420337805736","12","2.026335077202545"
"796","chr6:21600000-22890000","-1.3084000429293143","0.19073765808800136","13","2.1017341769148112"
"797","chr6:105870000-106760000","-0.6574834944559228","0.5108700805588022","10","1.7789630022085643"
"798","chr6:20550000-21580000","-0.8717036191600137","0.38337008536769346","11","1.8677292431246793"
"799","chr7:51460000-54740000","-0.5938019287447094","0.5526445988855857","34","2.1298424771043325"
"800","chr7:152590000-154260000","-0.1364040367849613","0.8915018826141559","18","1.834479555924133"
"801","chr7:13400000-14600000","-0.7230428731622218","0.4696535445714287","12","1.9055363714543487"
"802","chr7:31170000-32510000","-0.17154426133781975","0.8637958306888732","15","1.6754031400176885"
"803","chr7:149500000-150740000","-0.14627529321932384","0.8837040692099193","13","1.5671460034063294"
"804","chr7:103070000-104500000","-0.33868722472117424","0.7348453656634579","15","1.722074330165821"
"805","chr7:23580000-24780000","-1.0423607770814793","0.29724444412754625","13","1.93792670164729"
"806","chr7:144730000-145820000","-0.7986822515623974","0.4244746806996408","12","1.8728223285257144"
"807","chr7:154640000-155570000","-0.7998809343597196","0.42377978507264047","10","1.814065932309114"
"808","chr7:36430000-37920000","-0.9127690060884018","0.3613640423519996","16","1.9356787139684983"
"809","chr7:121710000-123060000","-0.9700433098176319","0.3320249045721656","14","1.9303409612656477"
"810","chr7:140200000-141490000","-0.8970214150751998","0.3697074899027438","13","1.7902380916749172"
"811","chr7:112150000-113070000","-0.9346746733990849","0.3499559828515517","10","1.9398347308612096"
"812","chr7:140360000-141480000","-0.7848996111100361","0.4325124300872222","12","1.8794366149736663"
"813","chr7:132290000-134060000","-0.8409694511541421","0.40036504860472","19","1.8372383417376517"
"814","chr7:3240000-4610000","-0.316953542826647","0.7512788535534222","15","1.7590118264702654"
"815","chr7:83570000-84640000","-0.24599831032199412","0.8056835404880156","12","1.6736701895776753"
"816","chr7:77680000-78840000","-0.8032456140974252","0.4218327856663371","13","1.763999571597957"
"817","chr7:89770000-90690000","-0.88823305657306","0.3744154007392757","10","1.8165381398304712"
"818","chr7:20800000-22110000","-1.1225406745304727","0.2616326234899726","14","2.0549788792762733"
"819","chr7:120620000-121660000","-0.3452934536046569","0.7298737676527756","11","1.7125675489125542"
"820","chr7:157230000-158350000","-0.4279338085322948","0.668699311875284","12","1.7572965808606564"
"821","chr7:94050000-95330000","-0.7025489414288613","0.48233689147119285","14","1.7373451586566515"
"822","chr7:11430000-12430000","-0.27931664082134927","0.7800018367704422","11","1.5427624305470362"
"823","chr7:42930000-43910000","-0.7662171486353286","0.44354710632507166","11","1.8140584840637606"
"824","chr7:15270000-16110000","-0.46172869969899455","0.6442758872654326","10","1.5355787395269134"
"825","chr7:155580000-156640000","-1.894637213732767","0.05814048106770501","12","2.1032284449196292"
"826","chr7:132380000-133740000","-0.5265173361166271","0.5985288100775893","15","1.884036831413257"
"827","chr7:23770000-24750000","-1.5895422921164952","0.11193801379385979","11","2.0823113391292165"
"828","chr7:117870000-118850000","-0.09548251270667109","0.923931579632371","11","1.659814271365375"
"829","chr7:137280000-138550000","-1.6232876209197742","0.10452793456961498","14","2.2323549091120674"
"830","chr7:47290000-48190000","-0.5285384477405851","0.5971256689932988","10","1.8783407918576165"
"831","chr7:45920000-47220000","-0.5952673200246373","0.5516647969440389","14","2.0423398189128052"
"832","chr7:19740000-20650000","-0.3388055827994059","0.7347561953054909","10","1.672445711521559"
"833","chr7:95530000-96680000","-1.1111679491585853","0.26649606433881523","12","2.1008089793419193"
"834","chr7:21200000-22110000","-0.7577668490682593","0.4485905715421725","10","1.8862636435414266"
"835","chr7:128030000-129690000","-0.2764978680191305","0.7821656969233525","17","1.6910983375959638"
"836","chr7:131350000-132280000","-0.7133357102323957","0.47563804506783003","10","1.7881514718784428"
"837","chr7:86890000-87840000","-1.0810309061965202","0.2796833659801209","11","1.973454021029723"
"838","chr7:44010000-45180000","-1.0224258156907324","0.3065794072093604","12","1.7671776435720932"
"839","chr7:1580000-2430000","-1.3819576804520335","0.16698469559040263","10","2.137972578523968"
"840","chr7:157220000-159120000","-1.3389037914131015","0.1806019952334309","20","2.0186456746085804"
"841","chr7:40830000-41760000","-1.1044098585886872","0.2694153861767179","10","1.9331909067138566"
"842","chr7:66840000-68630000","-0.575440918835484","0.564993137021151","19","1.9726273513100805"
"843","chr7:41990000-42880000","-0.3764179899545131","0.7066061737656042","10","1.5566472139095342"
"844","chr8:83160000-85520000","-0.9550569424565858","0.339548901718169","25","1.9903885545935363"
"845","chr8:58300000-59350000","-0.18102248700156684","0.8563499255241888","11","1.5685393987113925"
"846","chr8:93050000-94380000","-0.5655870464987723","0.5716745355401676","14","1.864517420762354"
"847","chr8:53620000-55090000","-1.1445050005239314","0.2524142652817345","15","2.168956683243399"
"848","chr8:79350000-80450000","-0.6334110395669097","0.5264652577193121","12","1.9138529253089782"
"849","chr8:41390000-42800000","-0.8545451584423226","0.3928029992665323","15","2.1345149838615254"
"850","chr8:125510000-126720000","-0.8778381593537385","0.38003155282428835","13","1.8632069182591777"
"851","chr8:21780000-23300000","-2.0254268771777086","0.04282354992748696","16","2.332238321596046"
"852","chr8:58300000-59560000","-0.6961699726041359","0.48632239003353017","13","1.9548075816655563"
"853","chr8:20260000-21760000","-0.538900001176384","0.5899558564184508","16","1.7681296968025046"
"854","chr8:90710000-91960000","-1.2396693153116114","0.21509773108155328","13","2.351552720697626"
"855","chr8:128090000-129390000","-1.2185871979525449","0.22300091046879744","14","2.063908665738891"
"856","chr8:139740000-141420000","-0.7901892287352492","0.42941726557592985","18","2.0545674395937175"
"857","chr8:118330000-120100000","-1.77238981516529","0.07632987127772638","18","2.4987339275010187"
"858","chr8:4900000-5960000","-0.7572304631452179","0.4489118025268878","11","1.8058204660258415"
"859","chr8:114450000-115500000","-0.9327374804671612","0.35095552804620267","11","1.848576998048005"
"860","chr8:122210000-123650000","-0.7037255329620181","0.48160371631053256","15","1.8302460493143475"
"861","chr8:59610000-60930000","-0.7932144014621869","0.4276529182893334","14","1.8231330433943158"
"862","chr8:61320000-62530000","-0.9506208291253864","0.34179689112087863","13","1.882499851038408"
"863","chr8:40090000-41260000","-0.5552706899832781","0.5787095236075315","13","1.9251470879128618"
"864","chr8:20260000-21620000","-0.4496808424939205","0.6529405868708712","15","1.8101645352963867"
"865","chr8:53630000-54750000","-0.7454350924277431","0.4560087360574122","12","1.8001349793792238"
"866","chr8:46840000-47770000","-0.8052067408309687","0.42070038723316905","10","1.7729663730867022"
"867","chr8:65400000-66490000","-0.39926301204626535","0.6896994180628659","11","1.6330753827217102"
"868","chr8:20870000-21750000","-0.44949291886000603","0.6530761151258306","10","1.646886561285402"
"869","chr8:62650000-64030000","-0.5951011713125353","0.5517758457443145","15","1.790533880806103"
"870","chr8:76260000-77190000","-0.8558903189053733","0.3920584503713691","10","1.902531276663878"
"871","chr8:131970000-132880000","-0.24726965346033125","0.8046995427154127","10","1.568970489510805"
"872","chr8:18750000-20040000","-0.2580580390894874","0.796362114940258","14","1.812975652159915"
"873","chr8:70560000-71590000","-0.6923882369387769","0.48869355095621225","11","1.736987463921076"
"874","chr8:24940000-26200000","-1.0740913979076538","0.28278171957733234","13","2.1378791764856517"
"875","chr8:22070000-23300000","-2.0282281006127243","0.042536973182678524","13","2.2541473561779437"
"876","chr8:34970000-36060000","-0.247454487734973","0.8045565098746059","12","1.7667758389098618"
"877","chr8:126870000-127790000","-0.4381069926685022","0.6613087256240351","10","1.719909989092426"
"878","chr8:69450000-70530000","-0.7834879353797959","0.4333406356744015","12","1.9673200976701162"
"879","chr8:37620000-38630000","-0.21305917297810914","0.8312808087193895","11","1.7489530595349025"
"880","chr8:64260000-65300000","-0.18633616375376963","0.8521811494751157","11","1.5785935545625938"
"881","chr8:106890000-107890000","-0.9107089572123261","0.3624487433172692","11","2.056961732779691"
"882","chr8:91010000-91980000","-0.5781870619144703","0.5631378328460117","10","1.8131796263769402"
"883","chr8:127830000-128740000","-0.9011955770984393","0.3674843421693381","10","2.002938021022199"
"884","chr8:134480000-135900000","-1.1834202059739127","0.23664265319764977","15","2.1238093840808516"
"885","chr8:127830000-129390000","-1.4470322047233604","0.14788790402334098","16","2.0283569972966253"
"886","chr8:120850000-121980000","-0.3148444414369488","0.7528797669976821","12","1.712043376209201"
"887","chr8:71660000-72700000","-0.37839878763338336","0.7051343686858599","11","1.6562492369684678"
"888","chr8:24950000-25960000","-0.8211406599160783","0.4115661522272772","11","1.8770665467500471"
"889","chr8:97340000-98560000","-0.20489722782037892","0.8376524211506379","13","1.792348559761068"
"890","chr8:108860000-109740000","-0.8608399956452665","0.3893261735108723","10","1.8804709031862274"
"891","chr8:77270000-78310000","-1.0656186552443285","0.2865960626585985","12","1.740592515774488"
"892","chr8:22080000-22910000","-0.9031824719090271","0.3664290590165945","10","1.9612732059451883"
"893","chr8:19180000-20040000","-0.9281635842434871","0.35332272098881","10","1.835690875244433"
"894","chr8:105800000-106790000","-0.4906117410872682","0.6237010806058948","10","1.707161550743172"
"895","chr8:99520000-100890000","-2.063516831381923","0.03906355033393279","14","2.4631901737519617"
"896","chr8:97340000-98230000","-0.5218553163091525","0.6017710717314613","10","1.692860937545822"
"897","chr8:96310000-97230000","-0.6487468842292065","0.5165019946602294","10","1.8369155848152379"
"898","chr8:42940000-43830000","-0.366878615215522","0.7137095634562642","10","1.6485866550210644"
"899","chr8:136850000-137750000","-1.4580751395212639","0.14481983297734502","10","1.9297647400687663"
"900","chr8:8880000-9710000","-1.0588689773545708","0.28965945439308094","10","1.8967530878028327"
"901","chr8:102330000-103240000","-1.0196033048455977","0.3079166370013978","10","1.9354064420377703"
"902","chr8:140390000-141440000","-0.619202502941691","0.5357829631885386","12","1.73164351668823"
"903","chr8:36690000-37590000","-1.1450348491963733","0.25219472164735623","10","1.8648814486424006"
"904","chr8:118380000-119470000","-1.2722535718179961","0.20328303888257815","12","2.2075500002303152"
"905","chr8:67570000-68410000","-1.3283097853706756","0.1840757883995483","10","1.8684951222156199"
"906","chr9:82810000-85650000","-1.014641658062835","0.31027667403219195","29","2.382519511405869"
"907","chr9:4410000-5440000","-0.6332509715387401","0.5265697646578142","11","1.6710123714043699"
"908","chr9:120340000-122190000","-0.8245988930406607","0.40959935007090187","19","1.8955291667437244"
"909","chr9:74390000-75690000","-1.5379822425047545","0.12405295666544743","14","2.067632711496528"
"910","chr9:124250000-125590000","-0.2605130476480213","0.7944680521166536","14","1.616669706246305"
"911","chr9:101730000-103190000","-2.4141310454874483","0.015772788345982502","15","2.480679330913623"
"912","chr9:21170000-22250000","-0.6955742681887689","0.4866954854639046","12","2.160880726398781"
"913","chr9:125810000-127300000","-1.4570338304987722","0.14510704193776253","15","2.272208489175653"
"914","chr9:4380000-5770000","-1.336543337026854","0.1813717454587649","15","2.291541443166177"
"915","chr9:101910000-103110000","-2.089056314746976","0.03670265415911989","13","2.385183933842293"
"916","chr9:127520000-129560000","-1.3559208230835051","0.17512436137728504","21","2.2802318254329528"
"917","chr9:128150000-129360000","-0.6340799357057703","0.5260286562696795","13","1.9930011790182167"
"918","chr9:99450000-100380000","-0.5107582908093952","0.6095203183323921","10","1.8228028659850393"
"919","chr9:128140000-129560000","-0.9694824223096257","0.33230454623369665","15","2.0087482338160068"
"920","chr9:88990000-90430000","-1.6326494113747603","0.10254275278490525","16","2.1309474116944633"
"921","chr9:19890000-21140000","-1.3895530631045758","0.16466463708944612","14","2.2840921176925697"
"922","chr9:137360000-138360000","-1.3918758929856239","0.16395998303794856","11","2.0549787071566272"
"923","chr9:3180000-4340000","-0.829430586442785","0.4068607998685718","13","1.8532126613387203"
"924","chr9:114390000-115610000","-1.4466811653040463","0.14798624197596275","14","2.0517229511300688"
"925","chr9:4680000-5760000","-1.122540928416148","0.2616325156073518","12","2.092434043709425"
"926","chr9:74390000-75450000","-1.541519092694443","0.12319049980067934","12","2.213339737695062"
"927","chr9:13320000-14420000","-0.7144607829670184","0.47494229796674625","12","1.7830497055145058"
"928","chr9:76260000-77240000","-1.004129694005034","0.31531610440920155","11","2.0826331409589205"
"929","chr9:33560000-34600000","-1.566994947761852","0.11711587254140299","11","2.136530587542397"
"930","chr9:77810000-78930000","-0.4495974679369625","0.6530007141811658","12","1.684060354146073"
"931","chr9:117160000-118300000","-0.5792297758641982","0.56243414204234","12","1.7528841736491934"
"932","chr9:129600000-130690000","-0.49583357535504685","0.6200118341497524","11","1.874742804784795"
"933","chr9:86980000-88230000","-0.8150208453877142","0.4150603781245712","14","1.7414870141320098"
"934","chr9:122260000-123140000","-0.5156853168261112","0.6060742114419597","10","1.6688251158437641"
"935","chr9:33300000-34380000","-1.4850782666886553","0.13752309248582475","11","2.1023437739674162"
"936","chr9:126170000-127160000","-0.6188485627214223","0.5360161267921442","11","1.8180274573180413"
"937","chr9:107520000-108520000","-1.2225665314040886","0.22149346065203557","11","1.9968080522725737"
"938","chr9:108650000-109940000","-0.5909785491266297","0.5545347937898235","14","2.031930842918007"
"939","chr9:117420000-118310000","-0.3268637651665887","0.7437709282294891","10","1.5612380057998223"
"940","chr9:110170000-111540000","0.037739181992420136","0.9698956355232158","15","1.6571348317137904"
"941","chr9:80040000-80980000","-0.8152067621303387","0.4149539678281038","10","1.8929359276134603"
"942","chr9:5830000-6760000","-0.3201018323157309","0.7488911366988111","10","1.5416915136199678"
"943","chr9:98040000-99000000","-0.47964547039077826","0.6314795080950903","10","1.8516821650050692"
"944","chr9:89020000-89930000","-0.2651001422378189","0.7909323177666605","10","1.5492777234843005"
"945","chr9:118340000-119430000","-0.8429538269336346","0.3992542676900481","12","2.0431243200575455"
"946","chr9:34670000-35580000","-0.27139199447571144","0.7860895585674608","10","1.570952545395854"
